DATE_TIME,PLANT_ID,SOURCE_KEY,AMBIENT_TEMPERATURE,MODULE_TEMPERATURE,IRRADIATION
5/15/2020 0:00,4136001,iq8k7ZNt4Mwm3w0,27.0047637,25.0607889,0
5/15/2020 0:15,4136001,iq8k7ZNt4Mwm3w0,26.88081143,24.42186883,0
5/15/2020 0:30,4136001,iq8k7ZNt4Mwm3w0,26.68205534,24.42729031,0
5/15/2020 0:45,4136001,iq8k7ZNt4Mwm3w0,26.5005889,24.4206776,0
5/15/2020 1:00,4136001,iq8k7ZNt4Mwm3w0,26.596148,25.08821041,0
5/15/2020 1:15,4136001,iq8k7ZNt4Mwm3w0,26.51274003,25.31796967,0
5/15/2020 1:30,4136001,iq8k7ZNt4Mwm3w0,26.49433897,25.21719253,0
5/15/2020 1:45,4136001,iq8k7ZNt4Mwm3w0,26.42041021,25.06506231,0
5/15/2020 2:00,4136001,iq8k7ZNt4Mwm3w0,26.40194613,24.69146937,0
5/15/2020 2:15,4136001,iq8k7ZNt4Mwm3w0,26.22607821,24.55948079,0
5/15/2020 2:30,4136001,iq8k7ZNt4Mwm3w0,26.2603992,24.48240663,0
5/15/2020 2:45,4136001,iq8k7ZNt4Mwm3w0,26.2978261,24.4886982,0
5/15/2020 3:00,4136001,iq8k7ZNt4Mwm3w0,26.3282491,24.50628962,0
5/15/2020 3:15,4136001,iq8k7ZNt4Mwm3w0,26.15870973,24.59519743,0
5/15/2020 3:30,4136001,iq8k7ZNt4Mwm3w0,26.07849933,24.80131437,0
5/15/2020 3:45,4136001,iq8k7ZNt4Mwm3w0,26.00130397,24.60781745,0
5/15/2020 4:00,4136001,iq8k7ZNt4Mwm3w0,25.6972106,24.626179,0
5/15/2020 4:15,4136001,iq8k7ZNt4Mwm3w0,25.62770241,24.77314507,0
5/15/2020 4:30,4136001,iq8k7ZNt4Mwm3w0,25.48204579,24.79669075,0
5/15/2020 4:45,4136001,iq8k7ZNt4Mwm3w0,25.23093169,24.43690428,0
5/15/2020 5:00,4136001,iq8k7ZNt4Mwm3w0,25.1175986,24.10457963,0
5/15/2020 5:15,4136001,iq8k7ZNt4Mwm3w0,25.0918621,23.897232,0
5/15/2020 5:30,4136001,iq8k7ZNt4Mwm3w0,24.91696783,23.83947131,0
5/15/2020 5:45,4136001,iq8k7ZNt4Mwm3w0,24.7412738,23.7866618,0.002838055
5/15/2020 6:00,4136001,iq8k7ZNt4Mwm3w0,24.74278657,24.07722983,0.012961978
5/15/2020 6:15,4136001,iq8k7ZNt4Mwm3w0,24.7639109,24.35618945,0.021037669
5/15/2020 6:30,4136001,iq8k7ZNt4Mwm3w0,24.7863229,24.5488861,0.042435399
5/15/2020 6:45,4136001,iq8k7ZNt4Mwm3w0,25.0482451,25.746662,0.103495878
5/15/2020 7:00,4136001,iq8k7ZNt4Mwm3w0,25.6732025,28.67470703,0.199450484
5/15/2020 7:15,4136001,iq8k7ZNt4Mwm3w0,26.076818,30.72550493,0.317665026
5/15/2020 7:30,4136001,iq8k7ZNt4Mwm3w0,26.42423907,32.20680357,0.382913363
5/15/2020 7:45,4136001,iq8k7ZNt4Mwm3w0,27.12028752,34.59156221,0.448286663
5/15/2020 8:00,4136001,iq8k7ZNt4Mwm3w0,27.67897027,35.70585637,0.455027575
5/15/2020 8:15,4136001,iq8k7ZNt4Mwm3w0,27.95349233,36.78689773,0.509315263
5/15/2020 8:30,4136001,iq8k7ZNt4Mwm3w0,28.52621466,38.61774948,0.570911679
5/15/2020 8:45,4136001,iq8k7ZNt4Mwm3w0,29.31902147,40.7380359,0.625399981
5/15/2020 9:00,4136001,iq8k7ZNt4Mwm3w0,29.57204362,41.47150403,0.654205595
5/15/2020 9:15,4136001,iq8k7ZNt4Mwm3w0,30.09140723,43.4653736,0.702437341
5/15/2020 9:30,4136001,iq8k7ZNt4Mwm3w0,30.63865838,44.14519641,0.756682643
5/15/2020 9:45,4136001,iq8k7ZNt4Mwm3w0,31.37512003,45.719524,0.799745994
5/15/2020 10:00,4136001,iq8k7ZNt4Mwm3w0,31.89209383,46.1311739,0.828095938
5/15/2020 10:15,4136001,iq8k7ZNt4Mwm3w0,32.43747986,47.14350828,0.874833851
5/15/2020 10:30,4136001,iq8k7ZNt4Mwm3w0,33.07413527,48.6802898,0.908056073
5/15/2020 10:45,4136001,iq8k7ZNt4Mwm3w0,33.1924701,50.24956017,0.943352708
5/15/2020 11:00,4136001,iq8k7ZNt4Mwm3w0,33.46205667,51.61099133,0.957900105
5/15/2020 11:15,4136001,iq8k7ZNt4Mwm3w0,34.25179517,54.8943019,0.970447754
5/15/2020 11:30,4136001,iq8k7ZNt4Mwm3w0,34.65145467,56.08395293,0.987932009
5/15/2020 11:45,4136001,iq8k7ZNt4Mwm3w0,35.15152597,55.59379528,0.953344518
5/15/2020 12:00,4136001,iq8k7ZNt4Mwm3w0,35.16610503,57.4882405,0.946920194
5/15/2020 12:15,4136001,iq8k7ZNt4Mwm3w0,36.37757097,57.58858162,0.977187623
5/15/2020 12:30,4136001,iq8k7ZNt4Mwm3w0,35.96635757,58.8881528,0.956237537
5/15/2020 12:45,4136001,iq8k7ZNt4Mwm3w0,35.9929465,57.72948603,0.979090417
5/15/2020 13:00,4136001,iq8k7ZNt4Mwm3w0,36.45858145,60.38937679,0.926438212
5/15/2020 13:15,4136001,iq8k7ZNt4Mwm3w0,36.93956407,56.85950403,0.904246814
5/15/2020 13:30,4136001,iq8k7ZNt4Mwm3w0,36.89079345,57.14867328,0.895473906
5/15/2020 13:45,4136001,iq8k7ZNt4Mwm3w0,36.61437807,52.9806112,0.866027062
5/15/2020 14:00,4136001,iq8k7ZNt4Mwm3w0,36.84276607,54.8100049,0.837944387
5/15/2020 14:15,4136001,iq8k7ZNt4Mwm3w0,37.3528292,53.5389466,0.82612858
5/15/2020 14:30,4136001,iq8k7ZNt4Mwm3w0,37.26846587,51.3589315,0.681066022
5/15/2020 14:45,4136001,iq8k7ZNt4Mwm3w0,37.21659834,49.36587621,0.68664654
5/15/2020 15:00,4136001,iq8k7ZNt4Mwm3w0,37.11558027,50.19004317,0.653807127
5/15/2020 15:15,4136001,iq8k7ZNt4Mwm3w0,37.08661828,48.28441228,0.605137908
5/15/2020 15:30,4136001,iq8k7ZNt4Mwm3w0,36.62616283,45.37170127,0.448636589
5/15/2020 15:45,4136001,iq8k7ZNt4Mwm3w0,36.75573503,44.97519003,0.505614415
5/15/2020 16:00,4136001,iq8k7ZNt4Mwm3w0,36.75465755,45.03773752,0.450463589
5/15/2020 16:15,4136001,iq8k7ZNt4Mwm3w0,36.59955247,41.94711027,0.327143313
5/15/2020 16:30,4136001,iq8k7ZNt4Mwm3w0,36.25738223,40.56484677,0.29187837
5/15/2020 16:45,4136001,iq8k7ZNt4Mwm3w0,36.28795297,40.67958107,0.300254016
5/15/2020 17:00,4136001,iq8k7ZNt4Mwm3w0,36.00283697,39.21984663,0.203801124
5/15/2020 17:15,4136001,iq8k7ZNt4Mwm3w0,35.62733759,37.13426683,0.133998558
5/15/2020 17:30,4136001,iq8k7ZNt4Mwm3w0,35.2095745,35.678953,0.066811797
5/15/2020 17:45,4136001,iq8k7ZNt4Mwm3w0,34.73165155,34.00562066,0.028155149
5/15/2020 18:00,4136001,iq8k7ZNt4Mwm3w0,34.36776167,33.14801007,0.01789523
5/15/2020 18:15,4136001,iq8k7ZNt4Mwm3w0,33.985284,32.47362655,0.010471804
5/15/2020 18:30,4136001,iq8k7ZNt4Mwm3w0,33.54584963,31.70361947,0.002684918
5/15/2020 18:45,4136001,iq8k7ZNt4Mwm3w0,33.09357417,31.061414,0
5/15/2020 19:00,4136001,iq8k7ZNt4Mwm3w0,32.57998867,30.36881917,0
5/15/2020 19:15,4136001,iq8k7ZNt4Mwm3w0,32.10647055,29.57026941,0
5/15/2020 19:30,4136001,iq8k7ZNt4Mwm3w0,31.78520907,29.3748617,0
5/15/2020 19:45,4136001,iq8k7ZNt4Mwm3w0,31.50534476,28.92643162,0
5/15/2020 20:00,4136001,iq8k7ZNt4Mwm3w0,31.4473155,28.39059037,0
5/15/2020 20:15,4136001,iq8k7ZNt4Mwm3w0,30.79767863,27.45114633,0
5/15/2020 20:30,4136001,iq8k7ZNt4Mwm3w0,30.55072879,27.47504283,0
5/15/2020 20:45,4136001,iq8k7ZNt4Mwm3w0,31.04741059,29.37068955,0.000120426
5/15/2020 21:00,4136001,iq8k7ZNt4Mwm3w0,30.0076782,29.1692108,0
5/15/2020 21:15,4136001,iq8k7ZNt4Mwm3w0,28.97958373,28.14188523,0
5/15/2020 21:30,4136001,iq8k7ZNt4Mwm3w0,28.42710941,27.41392779,0
5/15/2020 21:45,4136001,iq8k7ZNt4Mwm3w0,28.30055247,27.0304251,0
5/15/2020 22:00,4136001,iq8k7ZNt4Mwm3w0,28.32985817,26.92777214,0
5/15/2020 22:15,4136001,iq8k7ZNt4Mwm3w0,28.324165,26.87666233,0
5/15/2020 22:30,4136001,iq8k7ZNt4Mwm3w0,28.22888173,26.848583,0
5/15/2020 22:45,4136001,iq8k7ZNt4Mwm3w0,28.14552676,26.7898349,0
5/15/2020 23:00,4136001,iq8k7ZNt4Mwm3w0,27.70949446,26.52979493,0
5/15/2020 23:30,4136001,iq8k7ZNt4Mwm3w0,26.95176844,25.08119722,0
5/15/2020 23:45,4136001,iq8k7ZNt4Mwm3w0,26.7558319,24.81448376,0
5/16/2020 0:00,4136001,iq8k7ZNt4Mwm3w0,26.52780647,24.43326407,0
5/16/2020 0:15,4136001,iq8k7ZNt4Mwm3w0,26.68731262,24.52914207,0
5/16/2020 0:30,4136001,iq8k7ZNt4Mwm3w0,26.63302783,24.68845123,0
5/16/2020 0:45,4136001,iq8k7ZNt4Mwm3w0,26.67657573,24.88044037,0
5/16/2020 1:00,4136001,iq8k7ZNt4Mwm3w0,26.44045593,24.55380876,0
5/16/2020 1:15,4136001,iq8k7ZNt4Mwm3w0,26.193042,24.11722213,0
5/16/2020 1:30,4136001,iq8k7ZNt4Mwm3w0,26.0033801,23.93489221,0
5/16/2020 1:45,4136001,iq8k7ZNt4Mwm3w0,25.95458273,23.97419733,0
5/16/2020 2:00,4136001,iq8k7ZNt4Mwm3w0,25.7327081,23.78122793,0
5/16/2020 2:15,4136001,iq8k7ZNt4Mwm3w0,25.4155729,23.33238027,0
5/16/2020 2:30,4136001,iq8k7ZNt4Mwm3w0,25.19277224,22.96086503,0
5/16/2020 2:45,4136001,iq8k7ZNt4Mwm3w0,24.89064633,22.69464427,0
5/16/2020 3:00,4136001,iq8k7ZNt4Mwm3w0,24.73890787,22.36363427,0
5/16/2020 3:15,4136001,iq8k7ZNt4Mwm3w0,24.38789214,22.10807434,0
5/16/2020 3:30,4136001,iq8k7ZNt4Mwm3w0,24.3363027,21.9420616,0
5/16/2020 3:45,4136001,iq8k7ZNt4Mwm3w0,24.44372538,21.88146162,0
5/16/2020 4:00,4136001,iq8k7ZNt4Mwm3w0,24.14510303,21.844981,0
5/16/2020 4:15,4136001,iq8k7ZNt4Mwm3w0,23.8268431,21.78638128,0
5/16/2020 4:30,4136001,iq8k7ZNt4Mwm3w0,23.9267099,21.9009552,0
5/16/2020 4:45,4136001,iq8k7ZNt4Mwm3w0,23.85060433,21.74698587,0
5/16/2020 5:00,4136001,iq8k7ZNt4Mwm3w0,23.55594497,21.46942345,0
5/16/2020 5:15,4136001,iq8k7ZNt4Mwm3w0,23.60817267,21.29009187,0
5/16/2020 5:30,4136001,iq8k7ZNt4Mwm3w0,23.65812755,21.13980431,0
5/16/2020 5:45,4136001,iq8k7ZNt4Mwm3w0,23.7527953,21.5181203,0.001471635
5/16/2020 6:00,4136001,iq8k7ZNt4Mwm3w0,24.04460457,22.218803,0.013038687
5/16/2020 6:15,4136001,iq8k7ZNt4Mwm3w0,23.96737555,22.68291921,0.035180242
5/16/2020 6:30,4136001,iq8k7ZNt4Mwm3w0,24.587146,23.91549477,0.060925588
5/16/2020 6:45,4136001,iq8k7ZNt4Mwm3w0,25.35418586,25.45905593,0.087556915
5/16/2020 7:00,4136001,iq8k7ZNt4Mwm3w0,25.97149147,27.4219574,0.127115761
5/16/2020 7:15,4136001,iq8k7ZNt4Mwm3w0,26.566503,28.13256421,0.197786869
5/16/2020 7:30,4136001,iq8k7ZNt4Mwm3w0,27.20900983,28.95577997,0.315163709
5/16/2020 7:45,4136001,iq8k7ZNt4Mwm3w0,27.76550487,34.2793511,0.305885265
5/16/2020 8:00,4136001,iq8k7ZNt4Mwm3w0,28.17533934,37.61465024,0.440460199
5/16/2020 8:15,4136001,iq8k7ZNt4Mwm3w0,29.1131897,42.30031597,0.489959157
5/16/2020 8:30,4136001,iq8k7ZNt4Mwm3w0,29.58924069,45.43612772,0.549968968
5/16/2020 8:45,4136001,iq8k7ZNt4Mwm3w0,30.2332306,47.4030934,0.578960932
5/16/2020 9:00,4136001,iq8k7ZNt4Mwm3w0,30.44131886,48.825895,0.656503246
5/16/2020 9:15,4136001,iq8k7ZNt4Mwm3w0,31.13129987,51.06770407,0.705570373
5/16/2020 9:30,4136001,iq8k7ZNt4Mwm3w0,31.73716327,54.30058103,0.75266092
5/16/2020 9:45,4136001,iq8k7ZNt4Mwm3w0,32.11526059,56.26471386,0.790835997
5/16/2020 10:00,4136001,iq8k7ZNt4Mwm3w0,32.42292273,56.885681,0.821054863
5/16/2020 10:15,4136001,iq8k7ZNt4Mwm3w0,32.97431448,58.69473279,0.850826362
5/16/2020 10:30,4136001,iq8k7ZNt4Mwm3w0,33.75172127,59.49848047,0.894437866
5/16/2020 10:45,4136001,iq8k7ZNt4Mwm3w0,33.87341938,59.90787155,0.884239356
5/16/2020 11:00,4136001,iq8k7ZNt4Mwm3w0,34.1510935,61.63474147,0.919856763
5/16/2020 11:15,4136001,iq8k7ZNt4Mwm3w0,34.83831173,62.84588887,0.930322056
5/16/2020 11:30,4136001,iq8k7ZNt4Mwm3w0,34.83090617,63.09209893,0.981038666
5/16/2020 11:45,4136001,iq8k7ZNt4Mwm3w0,35.47820933,63.82718397,0.98961924
5/16/2020 12:00,4136001,iq8k7ZNt4Mwm3w0,36.23130214,66.01627883,0.97979434
5/16/2020 12:15,4136001,iq8k7ZNt4Mwm3w0,36.35895587,62.1692596,0.603739501
5/16/2020 12:30,4136001,iq8k7ZNt4Mwm3w0,35.73488673,55.99414357,0.731962184
5/16/2020 12:45,4136001,iq8k7ZNt4Mwm3w0,35.6741029,53.97351393,0.487048712
5/16/2020 13:00,4136001,iq8k7ZNt4Mwm3w0,35.51978067,53.70854493,0.70216736
5/16/2020 13:15,4136001,iq8k7ZNt4Mwm3w0,35.95901183,54.68054724,0.682597903
5/16/2020 13:30,4136001,iq8k7ZNt4Mwm3w0,36.16299977,57.335858,0.841435496
5/16/2020 13:45,4136001,iq8k7ZNt4Mwm3w0,35.9030577,52.90961203,0.448084939
5/16/2020 14:00,4136001,iq8k7ZNt4Mwm3w0,35.17039017,48.40738345,0.634171808
5/16/2020 14:15,4136001,iq8k7ZNt4Mwm3w0,35.07013267,47.87680757,0.713821422
5/16/2020 14:30,4136001,iq8k7ZNt4Mwm3w0,35.35950041,51.45765845,0.797534399
5/16/2020 14:45,4136001,iq8k7ZNt4Mwm3w0,35.03316013,47.3765094,0.464079111
5/16/2020 15:00,4136001,iq8k7ZNt4Mwm3w0,34.6052785,44.74481597,0.443339748
5/16/2020 15:15,4136001,iq8k7ZNt4Mwm3w0,34.16651228,40.97084745,0.304116098
5/16/2020 15:30,4136001,iq8k7ZNt4Mwm3w0,34.5372549,42.3535389,0.393412008
5/16/2020 15:45,4136001,iq8k7ZNt4Mwm3w0,34.33549355,41.21859307,0.311680415
5/16/2020 16:00,4136001,iq8k7ZNt4Mwm3w0,34.15994657,39.69061287,0.222285774
5/16/2020 16:15,4136001,iq8k7ZNt4Mwm3w0,33.87244276,38.4169141,0.219246238
5/16/2020 16:30,4136001,iq8k7ZNt4Mwm3w0,33.26039943,37.3320772,0.116787897
5/16/2020 16:45,4136001,iq8k7ZNt4Mwm3w0,31.58378823,33.5691396,0.066965504
5/16/2020 17:00,4136001,iq8k7ZNt4Mwm3w0,31.56179186,33.81071955,0.089076292
5/16/2020 17:15,4136001,iq8k7ZNt4Mwm3w0,31.8386771,32.7122988,0.030799943
5/16/2020 17:30,4136001,iq8k7ZNt4Mwm3w0,31.22422073,29.01664327,0.005521076
5/16/2020 17:45,4136001,iq8k7ZNt4Mwm3w0,30.52630317,27.02970838,0.002704928
5/16/2020 18:00,4136001,iq8k7ZNt4Mwm3w0,29.6090585,26.4780304,0
5/16/2020 18:15,4136001,iq8k7ZNt4Mwm3w0,29.01621966,26.25001072,0.000427447
5/16/2020 18:30,4136001,iq8k7ZNt4Mwm3w0,29.1915681,26.27404807,0.001152607
5/16/2020 18:45,4136001,iq8k7ZNt4Mwm3w0,29.55729153,25.7943287,0.000666491
5/16/2020 19:00,4136001,iq8k7ZNt4Mwm3w0,30.23259034,27.72766,0.001426587
5/16/2020 19:15,4136001,iq8k7ZNt4Mwm3w0,29.9654093,29.1194042,8.70E-05
5/16/2020 19:30,4136001,iq8k7ZNt4Mwm3w0,29.82385472,28.76035497,0
5/16/2020 19:45,4136001,iq8k7ZNt4Mwm3w0,29.4201181,28.40477293,0
5/16/2020 20:00,4136001,iq8k7ZNt4Mwm3w0,28.76313734,27.83533031,0
5/16/2020 20:15,4136001,iq8k7ZNt4Mwm3w0,28.20594473,27.1021587,0
5/16/2020 20:30,4136001,iq8k7ZNt4Mwm3w0,28.20538627,26.74144587,0
5/16/2020 20:45,4136001,iq8k7ZNt4Mwm3w0,28.36054321,26.71066276,0
5/16/2020 21:00,4136001,iq8k7ZNt4Mwm3w0,28.5787841,26.9042196,0
5/16/2020 21:15,4136001,iq8k7ZNt4Mwm3w0,28.61048517,27.11508279,0
5/16/2020 21:30,4136001,iq8k7ZNt4Mwm3w0,28.4075919,26.7989938,0
5/16/2020 21:45,4136001,iq8k7ZNt4Mwm3w0,28.27099407,26.63835537,0
5/16/2020 22:00,4136001,iq8k7ZNt4Mwm3w0,28.25846386,26.72932162,0
5/16/2020 22:15,4136001,iq8k7ZNt4Mwm3w0,28.13605563,26.82591457,0
5/16/2020 22:30,4136001,iq8k7ZNt4Mwm3w0,28.31342097,27.72299414,0
5/16/2020 22:45,4136001,iq8k7ZNt4Mwm3w0,28.20846667,27.78852123,0
5/16/2020 23:00,4136001,iq8k7ZNt4Mwm3w0,27.52852131,27.18614355,0
5/16/2020 23:15,4136001,iq8k7ZNt4Mwm3w0,27.13286423,26.69798483,0
5/16/2020 23:30,4136001,iq8k7ZNt4Mwm3w0,26.87304173,26.26826893,0
5/16/2020 23:45,4136001,iq8k7ZNt4Mwm3w0,26.52578621,25.57391038,0
5/17/2020 0:00,4136001,iq8k7ZNt4Mwm3w0,26.29004607,25.42096147,0
5/17/2020 0:15,4136001,iq8k7ZNt4Mwm3w0,26.14886572,25.07488059,0
5/17/2020 0:30,4136001,iq8k7ZNt4Mwm3w0,25.88355113,24.7258465,0
5/17/2020 0:45,4136001,iq8k7ZNt4Mwm3w0,25.9061678,24.59549053,0
5/17/2020 1:00,4136001,iq8k7ZNt4Mwm3w0,25.76279738,24.34820031,0
5/17/2020 1:15,4136001,iq8k7ZNt4Mwm3w0,25.5164062,23.86896563,0
5/17/2020 1:30,4136001,iq8k7ZNt4Mwm3w0,25.3675354,23.30727847,0
5/17/2020 1:45,4136001,iq8k7ZNt4Mwm3w0,24.8305216,22.68963427,0
5/17/2020 2:00,4136001,iq8k7ZNt4Mwm3w0,24.73006183,22.41169847,0
5/17/2020 2:15,4136001,iq8k7ZNt4Mwm3w0,24.46792617,22.17217707,0
5/17/2020 2:30,4136001,iq8k7ZNt4Mwm3w0,24.2546642,21.83082797,0
5/17/2020 2:45,4136001,iq8k7ZNt4Mwm3w0,24.28847848,22.09685979,0
5/17/2020 3:00,4136001,iq8k7ZNt4Mwm3w0,24.1800069,22.02151297,0
5/17/2020 3:15,4136001,iq8k7ZNt4Mwm3w0,23.95225927,21.7182801,0
5/17/2020 3:30,4136001,iq8k7ZNt4Mwm3w0,24.11831879,22.020067,0
5/17/2020 3:45,4136001,iq8k7ZNt4Mwm3w0,24.31887113,22.57031767,0
5/17/2020 4:00,4136001,iq8k7ZNt4Mwm3w0,24.36630162,22.70163386,0
5/17/2020 4:15,4136001,iq8k7ZNt4Mwm3w0,24.63787533,23.12236843,4.48E-05
5/17/2020 4:30,4136001,iq8k7ZNt4Mwm3w0,24.72773366,23.30426886,0
5/17/2020 4:45,4136001,iq8k7ZNt4Mwm3w0,24.89812,23.51796473,0
5/17/2020 5:00,4136001,iq8k7ZNt4Mwm3w0,24.73652069,23.29568383,0
5/17/2020 5:15,4136001,iq8k7ZNt4Mwm3w0,24.85698943,23.20309153,0
5/17/2020 5:30,4136001,iq8k7ZNt4Mwm3w0,24.6831023,23.13533837,0
5/17/2020 5:45,4136001,iq8k7ZNt4Mwm3w0,24.47303724,22.77686379,9.40E-05
5/17/2020 6:00,4136001,iq8k7ZNt4Mwm3w0,24.31919493,23.05678483,0.005539939
5/17/2020 6:15,4136001,iq8k7ZNt4Mwm3w0,25.05646457,24.00412287,0.018370466
5/17/2020 6:30,4136001,iq8k7ZNt4Mwm3w0,25.29116207,24.82253713,0.026291507
5/17/2020 6:45,4136001,iq8k7ZNt4Mwm3w0,25.5236889,25.355253,0.031180784
5/17/2020 7:00,4136001,iq8k7ZNt4Mwm3w0,25.72339583,25.94643143,0.047666922
5/17/2020 7:15,4136001,iq8k7ZNt4Mwm3w0,26.13572645,27.00165524,0.069436863
5/17/2020 7:30,4136001,iq8k7ZNt4Mwm3w0,26.6747182,28.91844587,0.127057655
5/17/2020 7:45,4136001,iq8k7ZNt4Mwm3w0,27.6051717,32.49521087,0.235718252
5/17/2020 8:00,4136001,iq8k7ZNt4Mwm3w0,28.54400638,37.89159403,0.430666714
5/17/2020 8:15,4136001,iq8k7ZNt4Mwm3w0,29.2123748,43.30446357,0.461763492
5/17/2020 8:30,4136001,iq8k7ZNt4Mwm3w0,29.68912769,44.71320524,0.512076004
5/17/2020 8:45,4136001,iq8k7ZNt4Mwm3w0,29.98807683,45.06860647,0.470911494
5/17/2020 9:00,4136001,iq8k7ZNt4Mwm3w0,30.04770634,44.359752,0.535837468
5/17/2020 9:15,4136001,iq8k7ZNt4Mwm3w0,30.70545853,48.360558,0.712686433
5/17/2020 9:30,4136001,iq8k7ZNt4Mwm3w0,31.6398318,51.3436818,0.69034313
5/17/2020 9:45,4136001,iq8k7ZNt4Mwm3w0,31.79815366,50.57241631,0.714350816
5/17/2020 10:00,4136001,iq8k7ZNt4Mwm3w0,32.37219357,52.08409933,0.67563437
5/17/2020 10:15,4136001,iq8k7ZNt4Mwm3w0,32.30568233,49.34352217,0.572267659
5/17/2020 10:30,4136001,iq8k7ZNt4Mwm3w0,32.44208483,48.37232193,0.670760399
5/17/2020 10:45,4136001,iq8k7ZNt4Mwm3w0,32.98318687,50.80083797,0.748738403
5/17/2020 11:00,4136001,iq8k7ZNt4Mwm3w0,33.59000886,51.3977421,0.744102428
5/17/2020 11:15,4136001,iq8k7ZNt4Mwm3w0,33.80211653,51.10897837,0.681933306
5/17/2020 11:30,4136001,iq8k7ZNt4Mwm3w0,33.97323479,47.99884776,0.498105296
5/17/2020 11:45,4136001,iq8k7ZNt4Mwm3w0,33.6794626,44.84200643,0.455365079
5/17/2020 12:00,4136001,iq8k7ZNt4Mwm3w0,33.77068697,46.61196483,0.525369898
5/17/2020 12:15,4136001,iq8k7ZNt4Mwm3w0,34.13644831,48.85399431,0.578254881
5/17/2020 12:30,4136001,iq8k7ZNt4Mwm3w0,34.32172227,50.2038616,0.610033205
5/17/2020 12:45,4136001,iq8k7ZNt4Mwm3w0,34.6467821,51.27062162,0.715615622
5/17/2020 13:00,4136001,iq8k7ZNt4Mwm3w0,35.0309509,53.76064457,0.754738481
5/17/2020 13:15,4136001,iq8k7ZNt4Mwm3w0,35.52410269,56.54186907,0.799828543
5/17/2020 13:30,4136001,iq8k7ZNt4Mwm3w0,36.10341907,59.10052997,0.688748066
5/17/2020 13:45,4136001,iq8k7ZNt4Mwm3w0,36.21466379,55.30187886,0.761283429
5/17/2020 14:00,4136001,iq8k7ZNt4Mwm3w0,36.4980315,54.589568,0.77898923
5/17/2020 14:15,4136001,iq8k7ZNt4Mwm3w0,36.60296943,52.84633387,0.732283932
5/17/2020 14:30,4136001,iq8k7ZNt4Mwm3w0,36.83124207,51.13231052,0.585580442
5/17/2020 14:45,4136001,iq8k7ZNt4Mwm3w0,36.53318553,49.36536973,0.492684559
5/17/2020 15:00,4136001,iq8k7ZNt4Mwm3w0,36.10952948,45.67703886,0.301376697
5/17/2020 15:15,4136001,iq8k7ZNt4Mwm3w0,35.4193434,40.62791257,0.245146857
5/17/2020 15:30,4136001,iq8k7ZNt4Mwm3w0,35.6123197,40.96984963,0.283091291
5/17/2020 15:45,4136001,iq8k7ZNt4Mwm3w0,35.51202617,41.27848017,0.278561571
5/17/2020 16:00,4136001,iq8k7ZNt4Mwm3w0,35.33530587,40.34242463,0.279577338
5/17/2020 16:15,4136001,iq8k7ZNt4Mwm3w0,35.82120993,42.76871763,0.42796354
5/17/2020 16:30,4136001,iq8k7ZNt4Mwm3w0,36.07769153,44.56987203,0.404528122
5/17/2020 16:45,4136001,iq8k7ZNt4Mwm3w0,36.44374493,43.57221573,0.304024329
5/17/2020 17:00,4136001,iq8k7ZNt4Mwm3w0,35.50715917,38.92884879,0.093825594
5/17/2020 17:15,4136001,iq8k7ZNt4Mwm3w0,35.09537647,36.10067347,0.112434021
5/17/2020 17:30,4136001,iq8k7ZNt4Mwm3w0,35.30165672,37.28197938,0.157049409
5/17/2020 17:45,4136001,iq8k7ZNt4Mwm3w0,35.0653644,36.49970813,0.081517872
5/17/2020 18:00,4136001,iq8k7ZNt4Mwm3w0,34.57465117,35.23109947,0.068512356
5/17/2020 18:15,4136001,iq8k7ZNt4Mwm3w0,34.26270155,33.82328855,0.025263765
5/17/2020 18:30,4136001,iq8k7ZNt4Mwm3w0,33.82243973,31.86856287,0.004854238
5/17/2020 18:45,4136001,iq8k7ZNt4Mwm3w0,32.50566266,30.87187879,0
5/17/2020 19:00,4136001,iq8k7ZNt4Mwm3w0,31.5056082,30.32857967,0
5/17/2020 19:15,4136001,iq8k7ZNt4Mwm3w0,31.155717,29.985616,0
5/17/2020 19:30,4136001,iq8k7ZNt4Mwm3w0,30.80273428,29.77499903,0
5/17/2020 19:45,4136001,iq8k7ZNt4Mwm3w0,30.54767043,29.62373957,0
5/17/2020 20:00,4136001,iq8k7ZNt4Mwm3w0,30.30056883,29.353965,0
5/17/2020 20:15,4136001,iq8k7ZNt4Mwm3w0,29.81161893,29.0146261,0
5/17/2020 20:30,4136001,iq8k7ZNt4Mwm3w0,29.1945903,28.48228767,0
5/17/2020 20:45,4136001,iq8k7ZNt4Mwm3w0,28.80817069,28.06014483,0
5/17/2020 21:00,4136001,iq8k7ZNt4Mwm3w0,28.49680177,27.8069132,0
5/17/2020 21:15,4136001,iq8k7ZNt4Mwm3w0,28.22123369,27.64579283,0
5/17/2020 21:30,4136001,iq8k7ZNt4Mwm3w0,27.90885813,27.56330993,0
5/17/2020 21:45,4136001,iq8k7ZNt4Mwm3w0,27.75620217,27.45690413,0
5/17/2020 22:00,4136001,iq8k7ZNt4Mwm3w0,26.50748421,25.22100634,0
5/17/2020 22:15,4136001,iq8k7ZNt4Mwm3w0,26.32278347,24.44466743,0.001648973
5/17/2020 22:30,4136001,iq8k7ZNt4Mwm3w0,26.62273859,24.97724548,0.001937466
5/17/2020 22:45,4136001,iq8k7ZNt4Mwm3w0,26.2797891,25.81025787,0.001038826
5/17/2020 23:00,4136001,iq8k7ZNt4Mwm3w0,26.04740297,25.5827097,0.000745903
5/17/2020 23:15,4136001,iq8k7ZNt4Mwm3w0,25.51867669,25.40204179,0.000142945
5/17/2020 23:30,4136001,iq8k7ZNt4Mwm3w0,24.4731607,24.72171723,0
5/17/2020 23:45,4136001,iq8k7ZNt4Mwm3w0,23.42992334,23.82487224,0
5/18/2020 0:00,4136001,iq8k7ZNt4Mwm3w0,23.44159967,23.65560723,0
5/18/2020 0:15,4136001,iq8k7ZNt4Mwm3w0,23.88182434,23.59956217,0
5/18/2020 0:30,4136001,iq8k7ZNt4Mwm3w0,24.51567793,23.70977297,0
5/18/2020 0:45,4136001,iq8k7ZNt4Mwm3w0,25.03340957,23.98114833,0
5/18/2020 1:00,4136001,iq8k7ZNt4Mwm3w0,25.385702,24.33279831,0
5/18/2020 1:15,4136001,iq8k7ZNt4Mwm3w0,25.4975228,24.42722153,0
5/18/2020 1:30,4136001,iq8k7ZNt4Mwm3w0,25.5347361,24.60439417,0
5/18/2020 1:45,4136001,iq8k7ZNt4Mwm3w0,25.49453207,24.99542027,0
5/18/2020 2:00,4136001,iq8k7ZNt4Mwm3w0,24.92512503,24.87046427,0
5/18/2020 2:15,4136001,iq8k7ZNt4Mwm3w0,24.69461472,24.69655734,0
5/18/2020 2:30,4136001,iq8k7ZNt4Mwm3w0,24.847948,24.7925,0
5/18/2020 2:45,4136001,iq8k7ZNt4Mwm3w0,24.940317,24.90185238,0
5/18/2020 3:00,4136001,iq8k7ZNt4Mwm3w0,25.03238413,24.97456553,0
5/18/2020 3:15,4136001,iq8k7ZNt4Mwm3w0,24.9947755,24.7240641,0
5/18/2020 3:30,4136001,iq8k7ZNt4Mwm3w0,24.69826631,24.10419669,3.04E-05
5/18/2020 3:45,4136001,iq8k7ZNt4Mwm3w0,24.36648467,23.8283082,9.72E-05
5/18/2020 4:00,4136001,iq8k7ZNt4Mwm3w0,23.95714069,23.49190879,0
5/18/2020 4:15,4136001,iq8k7ZNt4Mwm3w0,23.24427497,22.8459626,0.000308375
5/18/2020 4:30,4136001,iq8k7ZNt4Mwm3w0,20.94238477,20.78624757,0
5/18/2020 4:45,4136001,iq8k7ZNt4Mwm3w0,20.95653134,20.93981193,0
5/18/2020 5:00,4136001,iq8k7ZNt4Mwm3w0,20.96344493,21.0104237,0
5/18/2020 5:15,4136001,iq8k7ZNt4Mwm3w0,21.22685403,21.11130072,2.78E-05
5/18/2020 5:30,4136001,iq8k7ZNt4Mwm3w0,21.54467167,21.29806713,0
5/18/2020 5:45,4136001,iq8k7ZNt4Mwm3w0,21.69882521,21.30283638,0
5/18/2020 6:00,4136001,iq8k7ZNt4Mwm3w0,21.5673358,21.03193657,0.000266174
5/18/2020 6:15,4136001,iq8k7ZNt4Mwm3w0,21.76948243,21.18667397,0.000843311
5/18/2020 6:30,4136001,iq8k7ZNt4Mwm3w0,22.01257624,21.32534503,0.001542238
5/18/2020 6:45,4136001,iq8k7ZNt4Mwm3w0,22.1173566,21.35921143,0.003455143
5/18/2020 7:00,4136001,iq8k7ZNt4Mwm3w0,22.26662341,21.52933059,0.006653467
5/18/2020 7:15,4136001,iq8k7ZNt4Mwm3w0,22.6920623,21.73791093,0.011193384
5/18/2020 7:30,4136001,iq8k7ZNt4Mwm3w0,22.9404184,22.0585582,0.019893947
5/18/2020 7:45,4136001,iq8k7ZNt4Mwm3w0,23.15602534,22.69905355,0.039977728
5/18/2020 8:00,4136001,iq8k7ZNt4Mwm3w0,23.4337169,24.26010233,0.110807722
5/18/2020 8:15,4136001,iq8k7ZNt4Mwm3w0,24.18838403,26.95918431,0.214557776
5/18/2020 8:30,4136001,iq8k7ZNt4Mwm3w0,25.09011933,29.4129538,0.286081037
5/18/2020 8:45,4136001,iq8k7ZNt4Mwm3w0,26.41503607,34.17802437,0.39532014
5/18/2020 9:00,4136001,iq8k7ZNt4Mwm3w0,26.55128114,34.97463162,0.422921001
5/18/2020 9:15,4136001,iq8k7ZNt4Mwm3w0,27.0270212,36.77487683,0.473211835
5/18/2020 9:30,4136001,iq8k7ZNt4Mwm3w0,27.32489017,37.78216986,0.587752853
5/18/2020 9:45,4136001,iq8k7ZNt4Mwm3w0,27.70190538,40.01903634,0.693657234
5/18/2020 10:00,4136001,iq8k7ZNt4Mwm3w0,27.85615227,40.04020273,0.661985726
5/18/2020 10:15,4136001,iq8k7ZNt4Mwm3w0,28.33403603,41.74061738,0.687182399
5/18/2020 10:30,4136001,iq8k7ZNt4Mwm3w0,28.27772523,38.94443267,0.457640915
5/18/2020 10:45,4136001,iq8k7ZNt4Mwm3w0,28.13079027,37.07710153,0.453104924
5/18/2020 11:00,4136001,iq8k7ZNt4Mwm3w0,28.94989745,41.61910062,0.668966112
5/18/2020 11:15,4136001,iq8k7ZNt4Mwm3w0,29.27002963,44.4611593,0.733017678
5/18/2020 11:30,4136001,iq8k7ZNt4Mwm3w0,29.42511821,45.57827121,0.772746214
5/18/2020 11:45,4136001,iq8k7ZNt4Mwm3w0,29.8037496,47.60093167,0.834609851
5/18/2020 12:00,4136001,iq8k7ZNt4Mwm3w0,30.22423048,49.63103317,0.878655734
5/18/2020 12:15,4136001,iq8k7ZNt4Mwm3w0,30.19833877,48.78575513,0.812903766
5/18/2020 12:30,4136001,iq8k7ZNt4Mwm3w0,30.60646463,49.4059183,0.876769936
5/18/2020 12:45,4136001,iq8k7ZNt4Mwm3w0,30.55539797,48.34917166,0.74495337
5/18/2020 13:00,4136001,iq8k7ZNt4Mwm3w0,30.69096587,46.304233,0.759818821
5/18/2020 13:15,4136001,iq8k7ZNt4Mwm3w0,31.41586417,49.11488697,0.838825568
5/18/2020 13:30,4136001,iq8k7ZNt4Mwm3w0,32.05338937,50.11713053,0.83136999
5/18/2020 13:45,4136001,iq8k7ZNt4Mwm3w0,32.3029751,50.82574513,0.7953829
5/18/2020 14:00,4136001,iq8k7ZNt4Mwm3w0,32.42986955,50.336128,0.758573519
5/18/2020 14:15,4136001,iq8k7ZNt4Mwm3w0,33.16880903,50.7588666,0.746328149
5/18/2020 14:30,4136001,iq8k7ZNt4Mwm3w0,33.36233093,50.32767352,0.710974836
5/18/2020 14:45,4136001,iq8k7ZNt4Mwm3w0,33.48282947,49.369564,0.667578279
5/18/2020 15:00,4136001,iq8k7ZNt4Mwm3w0,33.88921466,49.19971217,0.622358543
5/18/2020 15:15,4136001,iq8k7ZNt4Mwm3w0,33.7291799,46.27826337,0.481245819
5/18/2020 15:30,4136001,iq8k7ZNt4Mwm3w0,33.6133725,43.1483479,0.353231337
5/18/2020 15:45,4136001,iq8k7ZNt4Mwm3w0,33.40481962,40.65085562,0.339795013
5/18/2020 16:00,4136001,iq8k7ZNt4Mwm3w0,34.07618587,42.39384877,0.416838712
5/18/2020 16:15,4136001,iq8k7ZNt4Mwm3w0,34.20788976,42.55650703,0.377624515
5/18/2020 16:30,4136001,iq8k7ZNt4Mwm3w0,33.3470053,40.1755146,0.26326703
5/18/2020 16:45,4136001,iq8k7ZNt4Mwm3w0,32.58227828,36.76631424,0.180032187
5/18/2020 17:00,4136001,iq8k7ZNt4Mwm3w0,32.15728253,35.15568323,0.16798548
5/18/2020 17:15,4136001,iq8k7ZNt4Mwm3w0,31.96495755,34.3431461,0.130398246
5/18/2020 17:30,4136001,iq8k7ZNt4Mwm3w0,31.54798583,32.76274517,0.084537279
5/18/2020 17:45,4136001,iq8k7ZNt4Mwm3w0,31.191822,31.46601924,0.056469908
5/18/2020 18:00,4136001,iq8k7ZNt4Mwm3w0,30.79789017,30.46620993,0.03669223
5/18/2020 18:15,4136001,iq8k7ZNt4Mwm3w0,30.54190383,29.61018631,0.019040468
5/18/2020 18:30,4136001,iq8k7ZNt4Mwm3w0,30.34277077,29.03197123,0.00623123
5/18/2020 18:45,4136001,iq8k7ZNt4Mwm3w0,30.05953873,28.59933677,4.48E-05
5/18/2020 19:00,4136001,iq8k7ZNt4Mwm3w0,29.33382028,28.25473869,0
5/18/2020 19:15,4136001,iq8k7ZNt4Mwm3w0,28.6457164,27.8103148,0
5/18/2020 19:30,4136001,iq8k7ZNt4Mwm3w0,28.33395286,27.49227062,0
5/18/2020 19:45,4136001,iq8k7ZNt4Mwm3w0,28.03039053,27.1437133,0
5/18/2020 20:00,4136001,iq8k7ZNt4Mwm3w0,27.82547393,26.87043557,0
5/18/2020 20:15,4136001,iq8k7ZNt4Mwm3w0,27.58805048,26.46023666,0
5/18/2020 20:30,4136001,iq8k7ZNt4Mwm3w0,27.29808047,26.04421687,0
5/18/2020 20:45,4136001,iq8k7ZNt4Mwm3w0,27.068115,25.48158757,0
5/18/2020 21:00,4136001,iq8k7ZNt4Mwm3w0,26.90030103,24.89649586,0
5/18/2020 21:15,4136001,iq8k7ZNt4Mwm3w0,26.78260507,24.8998698,0
5/18/2020 21:30,4136001,iq8k7ZNt4Mwm3w0,26.30133476,24.56790569,0
5/18/2020 21:45,4136001,iq8k7ZNt4Mwm3w0,26.54720667,24.84273073,0
5/18/2020 22:00,4136001,iq8k7ZNt4Mwm3w0,26.30578003,24.96690463,0
5/18/2020 22:15,4136001,iq8k7ZNt4Mwm3w0,26.01566714,24.68885231,0
5/18/2020 22:30,4136001,iq8k7ZNt4Mwm3w0,26.02266537,24.67243447,0
5/18/2020 22:45,4136001,iq8k7ZNt4Mwm3w0,25.95214014,24.6540159,0
5/18/2020 23:00,4136001,iq8k7ZNt4Mwm3w0,25.95510677,24.72400117,0
5/18/2020 23:15,4136001,iq8k7ZNt4Mwm3w0,25.8418743,24.6029246,0
5/18/2020 23:30,4136001,iq8k7ZNt4Mwm3w0,25.74263997,24.49737855,0
5/18/2020 23:45,4136001,iq8k7ZNt4Mwm3w0,25.76535753,24.49893987,0
5/19/2020 0:00,4136001,iq8k7ZNt4Mwm3w0,25.82653086,24.66096231,0
5/19/2020 0:15,4136001,iq8k7ZNt4Mwm3w0,25.7622844,24.58337597,0
5/19/2020 0:30,4136001,iq8k7ZNt4Mwm3w0,25.6613575,24.37365103,0
5/19/2020 0:45,4136001,iq8k7ZNt4Mwm3w0,25.58436624,24.25030728,0
5/19/2020 1:00,4136001,iq8k7ZNt4Mwm3w0,25.5382362,24.1884826,0
5/19/2020 1:15,4136001,iq8k7ZNt4Mwm3w0,25.48576597,24.08965855,0
5/19/2020 1:30,4136001,iq8k7ZNt4Mwm3w0,25.3748421,23.86936857,0
5/19/2020 1:45,4136001,iq8k7ZNt4Mwm3w0,25.3545327,23.8939463,0
5/19/2020 2:00,4136001,iq8k7ZNt4Mwm3w0,25.32581928,23.84432993,0
5/19/2020 2:15,4136001,iq8k7ZNt4Mwm3w0,25.22930487,23.758779,0
5/19/2020 2:30,4136001,iq8k7ZNt4Mwm3w0,25.14567003,23.72819679,0
5/19/2020 2:45,4136001,iq8k7ZNt4Mwm3w0,25.13779717,23.7229167,0
5/19/2020 3:00,4136001,iq8k7ZNt4Mwm3w0,25.1428428,23.86679077,0
5/19/2020 3:15,4136001,iq8k7ZNt4Mwm3w0,25.16187272,23.89251386,0
5/19/2020 3:30,4136001,iq8k7ZNt4Mwm3w0,25.13274247,23.86070243,0
5/19/2020 3:45,4136001,iq8k7ZNt4Mwm3w0,25.07153855,23.78470679,0
5/19/2020 4:00,4136001,iq8k7ZNt4Mwm3w0,25.0843009,23.90541497,0
5/19/2020 4:15,4136001,iq8k7ZNt4Mwm3w0,25.12012147,24.0431886,0
5/19/2020 4:30,4136001,iq8k7ZNt4Mwm3w0,25.10805341,23.98910517,0
5/19/2020 4:45,4136001,iq8k7ZNt4Mwm3w0,25.09842243,23.91291893,0
5/19/2020 5:00,4136001,iq8k7ZNt4Mwm3w0,25.01160707,23.79802845,0
5/19/2020 5:15,4136001,iq8k7ZNt4Mwm3w0,24.96392923,23.69360043,0
5/19/2020 5:30,4136001,iq8k7ZNt4Mwm3w0,24.87556047,23.60440477,0
5/19/2020 5:45,4136001,iq8k7ZNt4Mwm3w0,24.85513714,23.58839466,0.000354745
5/19/2020 6:00,4136001,iq8k7ZNt4Mwm3w0,24.819869,23.79692287,0.00882002
5/19/2020 6:15,4136001,iq8k7ZNt4Mwm3w0,24.82713466,24.33462103,0.035550863
5/19/2020 6:30,4136001,iq8k7ZNt4Mwm3w0,24.917694,24.8005219,0.05788943
5/19/2020 6:45,4136001,iq8k7ZNt4Mwm3w0,25.0238301,25.53404843,0.083648836
5/19/2020 7:00,4136001,iq8k7ZNt4Mwm3w0,25.17077852,26.24912438,0.102572245
5/19/2020 7:15,4136001,iq8k7ZNt4Mwm3w0,25.62168673,28.53414003,0.238745166
5/19/2020 7:30,4136001,iq8k7ZNt4Mwm3w0,26.38876341,32.45415948,0.352945666
5/19/2020 7:45,4136001,iq8k7ZNt4Mwm3w0,26.52577307,32.45176613,0.344625116
5/19/2020 8:00,4136001,iq8k7ZNt4Mwm3w0,26.65475259,32.38387638,0.312674457
5/19/2020 8:15,4136001,iq8k7ZNt4Mwm3w0,26.52682697,31.77521157,0.351678925
5/19/2020 8:30,4136001,iq8k7ZNt4Mwm3w0,26.87569363,33.99969797,0.363346853
5/19/2020 8:45,4136001,iq8k7ZNt4Mwm3w0,26.747689,32.03219493,0.229058052
5/19/2020 9:00,4136001,iq8k7ZNt4Mwm3w0,27.43573093,35.84101773,0.49224651
5/19/2020 9:15,4136001,iq8k7ZNt4Mwm3w0,27.38630924,34.54598362,0.275340041
5/19/2020 9:30,4136001,iq8k7ZNt4Mwm3w0,27.29953817,32.5958526,0.23724636
5/19/2020 9:45,4136001,iq8k7ZNt4Mwm3w0,27.27851179,31.88232741,0.224589457
5/19/2020 10:00,4136001,iq8k7ZNt4Mwm3w0,27.56580913,32.14256797,0.263569523
5/19/2020 10:15,4136001,iq8k7ZNt4Mwm3w0,28.93706557,41.523643,0.775780662
5/19/2020 10:30,4136001,iq8k7ZNt4Mwm3w0,29.89983797,47.62991617,0.782313484
5/19/2020 10:45,4136001,iq8k7ZNt4Mwm3w0,30.44308387,48.41711217,0.883623795
5/19/2020 11:00,4136001,iq8k7ZNt4Mwm3w0,30.64996445,49.40851693,0.952786871
5/19/2020 11:15,4136001,iq8k7ZNt4Mwm3w0,30.9685251,50.26547433,0.954226199
5/19/2020 11:30,4136001,iq8k7ZNt4Mwm3w0,31.45509086,51.00279793,0.931532838
5/19/2020 11:45,4136001,iq8k7ZNt4Mwm3w0,31.76743353,50.95129697,0.947287203
5/19/2020 12:00,4136001,iq8k7ZNt4Mwm3w0,32.06115431,51.70768066,0.967463493
5/19/2020 12:15,4136001,iq8k7ZNt4Mwm3w0,32.56087253,52.5582591,0.922836151
5/19/2020 12:30,4136001,iq8k7ZNt4Mwm3w0,32.68662231,52.33079479,0.834367657
5/19/2020 12:45,4136001,iq8k7ZNt4Mwm3w0,32.76796153,50.572105,0.843820608
5/19/2020 13:00,4136001,iq8k7ZNt4Mwm3w0,33.02636207,50.01087921,0.769575577
5/19/2020 13:15,4136001,iq8k7ZNt4Mwm3w0,33.4658244,51.6192037,0.90615994
5/19/2020 13:30,4136001,iq8k7ZNt4Mwm3w0,33.95278821,53.39930662,0.839523891
5/19/2020 13:45,4136001,iq8k7ZNt4Mwm3w0,33.5244263,50.37124133,0.688871197
5/19/2020 14:00,4136001,iq8k7ZNt4Mwm3w0,33.9765129,49.866708,0.651098054
5/19/2020 14:15,4136001,iq8k7ZNt4Mwm3w0,34.40232743,50.24767437,0.701811609
5/19/2020 14:30,4136001,iq8k7ZNt4Mwm3w0,34.51084997,49.6829406,0.608963791
5/19/2020 14:45,4136001,iq8k7ZNt4Mwm3w0,34.43760086,46.93042603,0.498235688
5/19/2020 15:00,4136001,iq8k7ZNt4Mwm3w0,33.79801043,42.3022998,0.369271392
5/19/2020 15:15,4136001,iq8k7ZNt4Mwm3w0,33.23434548,40.04291197,0.23340347
5/19/2020 15:30,4136001,iq8k7ZNt4Mwm3w0,27.05530587,29.50868437,0.097156277
5/19/2020 15:45,4136001,iq8k7ZNt4Mwm3w0,24.55274311,24.52630836,0.044119021
5/19/2020 16:15,4136001,iq8k7ZNt4Mwm3w0,22.93331325,21.12170025,0.023002951
5/19/2020 16:30,4136001,iq8k7ZNt4Mwm3w0,23.38706193,21.82031259,0.054725162
5/19/2020 16:45,4136001,iq8k7ZNt4Mwm3w0,24.30821127,22.34628517,0.027573267
5/19/2020 17:00,4136001,iq8k7ZNt4Mwm3w0,23.7013729,21.968187,0.015981422
5/19/2020 17:15,4136001,iq8k7ZNt4Mwm3w0,23.62663787,21.9704834,0.007828919
5/19/2020 17:30,4136001,iq8k7ZNt4Mwm3w0,23.32891845,21.96210255,0.0043884
5/19/2020 17:45,4136001,iq8k7ZNt4Mwm3w0,22.90583321,21.97049483,0.004601555
5/19/2020 18:00,4136001,iq8k7ZNt4Mwm3w0,22.59090877,21.75117287,0.00270013
5/19/2020 18:15,4136001,iq8k7ZNt4Mwm3w0,22.78114933,21.412376,0.005722741
5/19/2020 18:30,4136001,iq8k7ZNt4Mwm3w0,23.76923652,21.45997579,0.006374144
5/19/2020 18:45,4136001,iq8k7ZNt4Mwm3w0,23.40108137,21.83125313,0.002256081
5/19/2020 19:00,4136001,iq8k7ZNt4Mwm3w0,24.66854538,22.74074169,0.00232461
5/19/2020 19:15,4136001,iq8k7ZNt4Mwm3w0,21.64859517,20.29563907,6.40E-06
5/19/2020 19:30,4136001,iq8k7ZNt4Mwm3w0,21.89373462,20.52161172,5.43E-05
5/19/2020 19:45,4136001,iq8k7ZNt4Mwm3w0,22.46521693,20.90105177,0.000250818
5/19/2020 20:00,4136001,iq8k7ZNt4Mwm3w0,23.660332,21.2734691,0.002541714
5/19/2020 20:15,4136001,iq8k7ZNt4Mwm3w0,24.39279383,22.76256813,0.002869049
5/19/2020 20:30,4136001,iq8k7ZNt4Mwm3w0,24.27987366,23.06163076,0.001748753
5/19/2020 20:45,4136001,iq8k7ZNt4Mwm3w0,23.86325173,22.9557525,0.000876583
5/19/2020 21:00,4136001,iq8k7ZNt4Mwm3w0,24.1081459,23.08405286,0.000356105
5/19/2020 21:15,4136001,iq8k7ZNt4Mwm3w0,24.0470491,23.07100933,3.84E-06
5/19/2020 21:30,4136001,iq8k7ZNt4Mwm3w0,24.31994937,23.2351491,2.56E-06
5/19/2020 21:45,4136001,iq8k7ZNt4Mwm3w0,24.34572962,23.29502621,0
5/19/2020 22:00,4136001,iq8k7ZNt4Mwm3w0,24.28757268,23.22814079,0
5/19/2020 22:15,4136001,iq8k7ZNt4Mwm3w0,24.2076702,23.11916697,0
5/19/2020 22:30,4136001,iq8k7ZNt4Mwm3w0,24.17294631,22.99612752,0
5/19/2020 22:45,4136001,iq8k7ZNt4Mwm3w0,23.98364767,22.87368653,0
5/19/2020 23:00,4136001,iq8k7ZNt4Mwm3w0,23.76413479,22.49902559,0
5/19/2020 23:15,4136001,iq8k7ZNt4Mwm3w0,23.48484707,21.76337477,0
5/19/2020 23:30,4136001,iq8k7ZNt4Mwm3w0,23.01863497,20.83257237,0
5/19/2020 23:45,4136001,iq8k7ZNt4Mwm3w0,22.96248424,20.819839,0
5/20/2020 0:00,4136001,iq8k7ZNt4Mwm3w0,22.8691498,20.88145033,0
5/20/2020 0:15,4136001,iq8k7ZNt4Mwm3w0,23.50438507,21.38919703,2.78E-05
5/20/2020 0:30,4136001,iq8k7ZNt4Mwm3w0,24.69240407,22.59908347,0.000142045
5/20/2020 0:45,4136001,iq8k7ZNt4Mwm3w0,24.77382903,23.07526043,0
5/20/2020 1:00,4136001,iq8k7ZNt4Mwm3w0,24.61774417,22.88777314,0
5/20/2020 1:15,4136001,iq8k7ZNt4Mwm3w0,24.45039477,22.72235607,0
5/20/2020 1:30,4136001,iq8k7ZNt4Mwm3w0,24.31934213,22.55997093,0
5/20/2020 1:45,4136001,iq8k7ZNt4Mwm3w0,24.39755569,22.59517369,0
5/20/2020 2:00,4136001,iq8k7ZNt4Mwm3w0,24.48700887,22.7013214,0
5/20/2020 2:15,4136001,iq8k7ZNt4Mwm3w0,24.39859548,22.73078852,0
5/20/2020 2:30,4136001,iq8k7ZNt4Mwm3w0,24.24861863,22.4012268,0
5/20/2020 2:45,4136001,iq8k7ZNt4Mwm3w0,24.08782973,22.2375164,0
5/20/2020 3:00,4136001,iq8k7ZNt4Mwm3w0,23.97740545,22.20281693,0
5/20/2020 3:15,4136001,iq8k7ZNt4Mwm3w0,23.88355383,22.14026187,0
5/20/2020 3:30,4136001,iq8k7ZNt4Mwm3w0,23.85213686,22.38656517,0
5/20/2020 3:45,4136001,iq8k7ZNt4Mwm3w0,24.00521457,22.44903567,0
5/20/2020 4:00,4136001,iq8k7ZNt4Mwm3w0,23.99588133,22.49709163,0
5/20/2020 4:15,4136001,iq8k7ZNt4Mwm3w0,24.19134317,23.28720079,3.31E-05
5/20/2020 4:30,4136001,iq8k7ZNt4Mwm3w0,24.16128653,22.91039733,0
5/20/2020 4:45,4136001,iq8k7ZNt4Mwm3w0,24.00179234,22.33704876,0
5/20/2020 5:00,4136001,iq8k7ZNt4Mwm3w0,23.91881793,22.17627273,0
5/20/2020 5:15,4136001,iq8k7ZNt4Mwm3w0,23.89383417,22.18604557,0
5/20/2020 5:30,4136001,iq8k7ZNt4Mwm3w0,23.86936776,22.12683338,0
5/20/2020 5:45,4136001,iq8k7ZNt4Mwm3w0,23.6861614,21.98744713,0.000473472
5/20/2020 6:00,4136001,iq8k7ZNt4Mwm3w0,23.64199314,22.08829269,0.013198118
5/20/2020 6:15,4136001,iq8k7ZNt4Mwm3w0,23.6592806,22.6049336,0.03296412
5/20/2020 6:30,4136001,iq8k7ZNt4Mwm3w0,23.73102627,23.10573833,0.053259642
5/20/2020 6:45,4136001,iq8k7ZNt4Mwm3w0,24.00944055,24.11705707,0.081524782
5/20/2020 7:00,4136001,iq8k7ZNt4Mwm3w0,24.19482623,25.09568473,0.106852869
5/20/2020 7:15,4136001,iq8k7ZNt4Mwm3w0,24.43605424,26.56041114,0.174225292
5/20/2020 7:30,4136001,iq8k7ZNt4Mwm3w0,24.89542023,29.14928287,0.2957843
5/20/2020 7:45,4136001,iq8k7ZNt4Mwm3w0,25.45767421,31.83751283,0.348927508
5/20/2020 8:00,4136001,iq8k7ZNt4Mwm3w0,25.69534393,32.7339322,0.384471988
5/20/2020 8:15,4136001,iq8k7ZNt4Mwm3w0,26.17419537,34.1762287,0.396698816
5/20/2020 8:30,4136001,iq8k7ZNt4Mwm3w0,26.49222538,35.83274266,0.499001519
5/20/2020 8:45,4136001,iq8k7ZNt4Mwm3w0,26.77674967,36.66196697,0.501239439
5/20/2020 9:00,4136001,iq8k7ZNt4Mwm3w0,27.25867221,38.37599345,0.569750037
5/20/2020 9:15,4136001,iq8k7ZNt4Mwm3w0,27.7584269,40.67017607,0.64063154
5/20/2020 9:30,4136001,iq8k7ZNt4Mwm3w0,28.25515221,42.38117079,0.647072513
5/20/2020 9:45,4136001,iq8k7ZNt4Mwm3w0,28.47430327,43.55698947,0.686295254
5/20/2020 10:00,4136001,iq8k7ZNt4Mwm3w0,28.60234073,44.1669975,0.747509839
5/20/2020 10:15,4136001,iq8k7ZNt4Mwm3w0,28.9001739,45.35204321,0.864114438
5/20/2020 10:30,4136001,iq8k7ZNt4Mwm3w0,29.47774767,46.90938813,0.849222015
5/20/2020 10:45,4136001,iq8k7ZNt4Mwm3w0,30.04928176,48.90987755,0.912169931
5/20/2020 11:00,4136001,iq8k7ZNt4Mwm3w0,30.17089133,48.8913961,0.878213964
5/20/2020 11:15,4136001,iq8k7ZNt4Mwm3w0,30.52978934,49.11919317,0.900283882
5/20/2020 11:30,4136001,iq8k7ZNt4Mwm3w0,31.04592693,51.2127357,0.904425871
5/20/2020 11:45,4136001,iq8k7ZNt4Mwm3w0,31.3431274,52.38038843,0.892504974
5/20/2020 12:00,4136001,iq8k7ZNt4Mwm3w0,31.55753721,51.5949741,0.888746102
5/20/2020 12:15,4136001,iq8k7ZNt4Mwm3w0,31.91692993,52.51163343,0.923458218
5/20/2020 12:30,4136001,iq8k7ZNt4Mwm3w0,32.01440962,52.17598424,0.90238429
5/20/2020 12:45,4136001,iq8k7ZNt4Mwm3w0,32.36966773,52.11010317,0.900575992
5/20/2020 13:00,4136001,iq8k7ZNt4Mwm3w0,32.85877673,53.1356262,0.890227198
5/20/2020 13:15,4136001,iq8k7ZNt4Mwm3w0,33.05269862,53.04482317,0.884720583
5/20/2020 13:30,4136001,iq8k7ZNt4Mwm3w0,33.2762693,52.4341836,0.843018139
5/20/2020 13:45,4136001,iq8k7ZNt4Mwm3w0,33.61852293,52.44284376,0.827689449
5/20/2020 14:00,4136001,iq8k7ZNt4Mwm3w0,33.5427245,52.00774617,0.828437417
5/20/2020 14:15,4136001,iq8k7ZNt4Mwm3w0,34.32369356,52.94268122,0.779208207
5/20/2020 14:30,4136001,iq8k7ZNt4Mwm3w0,34.16552223,51.36092637,0.740106457
5/20/2020 14:45,4136001,iq8k7ZNt4Mwm3w0,34.6867801,50.58309831,0.698653132
5/20/2020 15:00,4136001,iq8k7ZNt4Mwm3w0,34.69625643,49.871641,0.651024746
5/20/2020 15:15,4136001,iq8k7ZNt4Mwm3w0,34.74052886,49.13013541,0.592127925
5/20/2020 15:30,4136001,iq8k7ZNt4Mwm3w0,34.91765323,48.486334,0.575174954
5/20/2020 15:45,4136001,iq8k7ZNt4Mwm3w0,35.1177769,47.44648614,0.522234634
5/20/2020 16:00,4136001,iq8k7ZNt4Mwm3w0,34.88353173,45.30406083,0.404027174
5/20/2020 16:15,4136001,iq8k7ZNt4Mwm3w0,34.44217224,41.43351059,0.296182354
5/20/2020 16:30,4136001,iq8k7ZNt4Mwm3w0,34.00150877,39.39245917,0.244076448
5/20/2020 16:45,4136001,iq8k7ZNt4Mwm3w0,33.72384234,37.9740841,0.2356486
5/20/2020 17:00,4136001,iq8k7ZNt4Mwm3w0,33.62940657,37.57149437,0.206274229
5/20/2020 17:15,4136001,iq8k7ZNt4Mwm3w0,33.37823352,36.39362724,0.182136105
5/20/2020 17:30,4136001,iq8k7ZNt4Mwm3w0,33.276536,35.80599557,0.15898123
5/20/2020 17:45,4136001,iq8k7ZNt4Mwm3w0,32.67218623,34.30439567,0.111523266
5/20/2020 18:00,4136001,iq8k7ZNt4Mwm3w0,32.12889024,32.75317803,0.071714945
5/20/2020 18:15,4136001,iq8k7ZNt4Mwm3w0,31.58542877,31.28490097,0.036078708
5/20/2020 18:30,4136001,iq8k7ZNt4Mwm3w0,31.03095859,29.93995714,0.011056505
5/20/2020 18:45,4136001,iq8k7ZNt4Mwm3w0,30.5501171,28.82900093,0.000364584
5/20/2020 19:00,4136001,iq8k7ZNt4Mwm3w0,30.13735452,28.26681207,0
5/20/2020 19:15,4136001,iq8k7ZNt4Mwm3w0,29.7821186,27.8983266,0
5/20/2020 19:30,4136001,iq8k7ZNt4Mwm3w0,29.3896393,27.70614827,0
5/20/2020 19:45,4136001,iq8k7ZNt4Mwm3w0,29.00532397,27.35719883,0
5/20/2020 20:00,4136001,iq8k7ZNt4Mwm3w0,28.62036233,26.8948649,0
5/20/2020 20:15,4136001,iq8k7ZNt4Mwm3w0,28.3833875,26.59330323,0
5/20/2020 20:30,4136001,iq8k7ZNt4Mwm3w0,28.08839476,26.90782748,0
5/20/2020 20:45,4136001,iq8k7ZNt4Mwm3w0,27.42665943,26.8379731,0
5/20/2020 21:00,4136001,iq8k7ZNt4Mwm3w0,27.42772186,26.25202579,0
5/20/2020 21:15,4136001,iq8k7ZNt4Mwm3w0,27.54703283,25.84153537,0
5/20/2020 21:30,4136001,iq8k7ZNt4Mwm3w0,27.46608755,26.006621,0
5/20/2020 21:45,4136001,iq8k7ZNt4Mwm3w0,27.16962063,25.81946093,0
5/20/2020 22:00,4136001,iq8k7ZNt4Mwm3w0,26.8102366,25.4684804,0
5/20/2020 22:15,4136001,iq8k7ZNt4Mwm3w0,26.51715828,24.99889821,0
5/20/2020 22:30,4136001,iq8k7ZNt4Mwm3w0,26.3451751,24.65428367,0
5/20/2020 22:45,4136001,iq8k7ZNt4Mwm3w0,26.07077976,24.29676869,0
5/20/2020 23:00,4136001,iq8k7ZNt4Mwm3w0,25.79210823,23.75939023,0
5/20/2020 23:15,4136001,iq8k7ZNt4Mwm3w0,25.69977813,23.43432723,0
5/20/2020 23:30,4136001,iq8k7ZNt4Mwm3w0,25.70448666,23.51646179,0
5/20/2020 23:45,4136001,iq8k7ZNt4Mwm3w0,25.51383043,23.4519605,0
5/21/2020 0:00,4136001,iq8k7ZNt4Mwm3w0,25.3180347,23.36583867,0
5/21/2020 0:15,4136001,iq8k7ZNt4Mwm3w0,25.13785745,23.12234703,0
5/21/2020 0:30,4136001,iq8k7ZNt4Mwm3w0,24.8961414,22.89141457,0
5/21/2020 0:45,4136001,iq8k7ZNt4Mwm3w0,24.81470562,22.88899069,0
5/21/2020 1:00,4136001,iq8k7ZNt4Mwm3w0,24.72378327,22.6472667,0
5/21/2020 1:15,4136001,iq8k7ZNt4Mwm3w0,24.570636,22.4875092,0
5/21/2020 1:30,4136001,iq8k7ZNt4Mwm3w0,24.43604052,22.38428486,0
5/21/2020 1:45,4136001,iq8k7ZNt4Mwm3w0,24.33321447,22.28466213,0
5/21/2020 2:00,4136001,iq8k7ZNt4Mwm3w0,24.05332269,22.01703086,0
5/21/2020 2:15,4136001,iq8k7ZNt4Mwm3w0,23.89200113,21.74873963,0
5/21/2020 2:30,4136001,iq8k7ZNt4Mwm3w0,23.99884347,22.40360517,0
5/21/2020 2:45,4136001,iq8k7ZNt4Mwm3w0,23.8759531,22.37518952,0
5/21/2020 3:00,4136001,iq8k7ZNt4Mwm3w0,23.76612617,22.2782218,0
5/21/2020 3:15,4136001,iq8k7ZNt4Mwm3w0,23.70120053,22.14907433,0
5/21/2020 3:30,4136001,iq8k7ZNt4Mwm3w0,23.6087731,21.99988738,0
5/21/2020 3:45,4136001,iq8k7ZNt4Mwm3w0,23.4284417,21.77937837,0
5/21/2020 4:00,4136001,iq8k7ZNt4Mwm3w0,23.419859,21.85795238,0
5/21/2020 4:15,4136001,iq8k7ZNt4Mwm3w0,23.54689013,22.0455058,0
5/21/2020 4:30,4136001,iq8k7ZNt4Mwm3w0,23.66612457,22.18126123,0
5/21/2020 4:45,4136001,iq8k7ZNt4Mwm3w0,23.74389121,22.01769707,0
5/21/2020 5:00,4136001,iq8k7ZNt4Mwm3w0,23.79203773,22.0929973,0
5/21/2020 5:15,4136001,iq8k7ZNt4Mwm3w0,23.76612883,21.99099852,0
5/21/2020 5:30,4136001,iq8k7ZNt4Mwm3w0,23.6753734,21.82199507,0
5/21/2020 5:45,4136001,iq8k7ZNt4Mwm3w0,23.698282,21.8525982,0.000417176
5/21/2020 6:00,4136001,iq8k7ZNt4Mwm3w0,23.62991652,21.69762455,0.009915328
5/21/2020 6:15,4136001,iq8k7ZNt4Mwm3w0,23.74814857,22.19340627,0.031929362
5/21/2020 6:30,4136001,iq8k7ZNt4Mwm3w0,24.05422352,22.87709728,0.061535913
5/21/2020 6:45,4136001,iq8k7ZNt4Mwm3w0,24.3392457,23.46908677,0.091294497
5/21/2020 7:00,4136001,iq8k7ZNt4Mwm3w0,24.7259083,25.59674777,0.132366142
5/21/2020 7:15,4136001,iq8k7ZNt4Mwm3w0,25.13079517,27.65296779,0.191687081
5/21/2020 7:30,4136001,iq8k7ZNt4Mwm3w0,25.6293538,30.21505633,0.28046578
5/21/2020 7:45,4136001,iq8k7ZNt4Mwm3w0,26.11478297,32.13542331,0.330876642
5/21/2020 8:00,4136001,iq8k7ZNt4Mwm3w0,26.42889407,33.52876397,0.364617475
5/21/2020 8:15,4136001,iq8k7ZNt4Mwm3w0,27.0080363,36.20038943,0.452351345
5/21/2020 8:30,4136001,iq8k7ZNt4Mwm3w0,27.568994,38.08869883,0.50879155
5/21/2020 8:45,4136001,iq8k7ZNt4Mwm3w0,27.91441243,39.03520423,0.527344807
5/21/2020 9:00,4136001,iq8k7ZNt4Mwm3w0,28.49767431,40.98327007,0.571218591
5/21/2020 9:15,4136001,iq8k7ZNt4Mwm3w0,28.8905872,42.63647043,0.613006381
5/21/2020 9:30,4136001,iq8k7ZNt4Mwm3w0,29.26914473,44.30564853,0.678797841
5/21/2020 9:45,4136001,iq8k7ZNt4Mwm3w0,29.8601231,48.2367521,0.799030531
5/21/2020 10:00,4136001,iq8k7ZNt4Mwm3w0,30.53005383,52.767174,0.828202205
5/21/2020 10:15,4136001,iq8k7ZNt4Mwm3w0,30.639095,52.03794557,0.869698526
5/21/2020 10:30,4136001,iq8k7ZNt4Mwm3w0,30.81421317,51.59807183,0.891962445
5/21/2020 10:45,4136001,iq8k7ZNt4Mwm3w0,30.95657037,50.37744847,0.777137033
5/21/2020 11:00,4136001,iq8k7ZNt4Mwm3w0,31.18303707,50.54957334,0.862696413
5/21/2020 11:15,4136001,iq8k7ZNt4Mwm3w0,31.7292979,53.64828987,0.967921095
5/21/2020 11:30,4136001,iq8k7ZNt4Mwm3w0,32.08981007,54.79509787,0.919123723
5/21/2020 11:45,4136001,iq8k7ZNt4Mwm3w0,32.47146624,54.03819866,0.908915119
5/21/2020 12:00,4136001,iq8k7ZNt4Mwm3w0,32.8736094,54.70988667,0.925685557
5/21/2020 12:15,4136001,iq8k7ZNt4Mwm3w0,33.46413631,57.89344841,0.937338622
5/21/2020 12:30,4136001,iq8k7ZNt4Mwm3w0,33.8415588,57.90181983,0.923144476
5/21/2020 12:45,4136001,iq8k7ZNt4Mwm3w0,34.14877648,57.34146855,0.914901833
5/21/2020 13:00,4136001,iq8k7ZNt4Mwm3w0,34.03666283,57.12523917,0.904509487
5/21/2020 13:15,4136001,iq8k7ZNt4Mwm3w0,34.20353677,55.5195199,0.870465012
5/21/2020 13:30,4136001,iq8k7ZNt4Mwm3w0,34.34044241,55.40597969,0.878304198
5/21/2020 13:45,4136001,iq8k7ZNt4Mwm3w0,34.94132503,57.3582947,0.823549759
5/21/2020 14:00,4136001,iq8k7ZNt4Mwm3w0,34.92845741,55.53873186,0.792429769
5/21/2020 14:15,4136001,iq8k7ZNt4Mwm3w0,35.24938037,56.17341613,0.776220931
5/21/2020 14:30,4136001,iq8k7ZNt4Mwm3w0,35.47774553,55.6046551,0.761474026
5/21/2020 14:45,4136001,iq8k7ZNt4Mwm3w0,35.62312793,52.90307186,0.697582546
5/21/2020 15:00,4136001,iq8k7ZNt4Mwm3w0,35.5592145,51.3716137,0.66345133
5/21/2020 15:15,4136001,iq8k7ZNt4Mwm3w0,35.8084139,51.3203041,0.605066194
5/21/2020 15:30,4136001,iq8k7ZNt4Mwm3w0,35.61407973,48.27868333,0.443546698
5/21/2020 15:45,4136001,iq8k7ZNt4Mwm3w0,35.53067966,46.37265428,0.440271976
5/21/2020 16:00,4136001,iq8k7ZNt4Mwm3w0,35.64163303,45.98237203,0.432185363
5/21/2020 16:15,4136001,iq8k7ZNt4Mwm3w0,35.79475117,45.00151577,0.360499054
5/21/2020 16:30,4136001,iq8k7ZNt4Mwm3w0,35.93014421,43.89896059,0.351513422
5/21/2020 16:45,4136001,iq8k7ZNt4Mwm3w0,35.85598157,42.70262227,0.27845607
5/21/2020 17:00,4136001,iq8k7ZNt4Mwm3w0,35.75847879,41.00935848,0.238109929
5/21/2020 17:15,4136001,iq8k7ZNt4Mwm3w0,35.11375727,39.0767701,0.187592077
5/21/2020 17:30,4136001,iq8k7ZNt4Mwm3w0,34.84269355,37.1093771,0.135820423
5/21/2020 17:45,4136001,iq8k7ZNt4Mwm3w0,34.4641154,35.1058664,0.088667989
5/21/2020 18:00,4136001,iq8k7ZNt4Mwm3w0,33.8088268,33.25552273,0.052991984
5/21/2020 18:15,4136001,iq8k7ZNt4Mwm3w0,33.11641393,31.822438,0.02754585
5/21/2020 18:30,4136001,iq8k7ZNt4Mwm3w0,32.4825041,30.66696373,0.008281001
5/21/2020 18:45,4136001,iq8k7ZNt4Mwm3w0,32.05748217,29.9940937,0.000276298
5/21/2020 19:00,4136001,iq8k7ZNt4Mwm3w0,31.57672869,29.450249,0
5/21/2020 19:15,4136001,iq8k7ZNt4Mwm3w0,31.25591933,29.04394843,0
5/21/2020 19:30,4136001,iq8k7ZNt4Mwm3w0,30.97710748,28.79582917,0
5/21/2020 19:45,4136001,iq8k7ZNt4Mwm3w0,30.5502921,28.4558808,0
5/21/2020 20:00,4136001,iq8k7ZNt4Mwm3w0,30.00345967,28.12197983,0
5/21/2020 20:15,4136001,iq8k7ZNt4Mwm3w0,29.51438728,27.67549914,0
5/21/2020 20:30,4136001,iq8k7ZNt4Mwm3w0,29.05098987,27.29377347,0
5/21/2020 20:45,4136001,iq8k7ZNt4Mwm3w0,28.75883103,26.97779683,0
5/21/2020 21:00,4136001,iq8k7ZNt4Mwm3w0,28.3369395,26.6307382,0
5/21/2020 21:15,4136001,iq8k7ZNt4Mwm3w0,28.08536197,26.3725992,0
5/21/2020 21:30,4136001,iq8k7ZNt4Mwm3w0,27.94909676,26.24620634,0
5/21/2020 21:45,4136001,iq8k7ZNt4Mwm3w0,27.63227617,25.87834047,0
5/21/2020 22:00,4136001,iq8k7ZNt4Mwm3w0,27.51400467,25.73085707,0
5/21/2020 22:15,4136001,iq8k7ZNt4Mwm3w0,27.29016838,25.4817841,0
5/21/2020 22:30,4136001,iq8k7ZNt4Mwm3w0,26.98126303,25.00838613,0
5/21/2020 22:45,4136001,iq8k7ZNt4Mwm3w0,26.77157197,24.6703491,0
5/21/2020 23:00,4136001,iq8k7ZNt4Mwm3w0,26.57494197,24.57059333,0
5/21/2020 23:15,4136001,iq8k7ZNt4Mwm3w0,26.40247083,24.3771219,0
5/21/2020 23:30,4136001,iq8k7ZNt4Mwm3w0,26.296492,24.22302776,0
5/21/2020 23:45,4136001,iq8k7ZNt4Mwm3w0,26.20653593,24.35009153,0
5/22/2020 0:00,4136001,iq8k7ZNt4Mwm3w0,25.99485214,24.16676179,0
5/22/2020 0:15,4136001,iq8k7ZNt4Mwm3w0,25.83828143,23.9945465,0
5/22/2020 0:30,4136001,iq8k7ZNt4Mwm3w0,25.67060337,24.01467293,0
5/22/2020 0:45,4136001,iq8k7ZNt4Mwm3w0,25.44677924,23.89589393,0
5/22/2020 1:00,4136001,iq8k7ZNt4Mwm3w0,25.22782177,23.65580763,0
5/22/2020 1:15,4136001,iq8k7ZNt4Mwm3w0,25.06264037,23.2972891,0
5/22/2020 1:30,4136001,iq8k7ZNt4Mwm3w0,24.878541,22.97140607,0
5/22/2020 1:45,4136001,iq8k7ZNt4Mwm3w0,24.82188207,22.9358775,0
5/22/2020 2:00,4136001,iq8k7ZNt4Mwm3w0,24.76963207,22.93717172,0
5/22/2020 2:15,4136001,iq8k7ZNt4Mwm3w0,24.59553123,22.7131093,0
5/22/2020 2:30,4136001,iq8k7ZNt4Mwm3w0,24.56362903,22.73851293,0
5/22/2020 2:45,4136001,iq8k7ZNt4Mwm3w0,24.40930921,22.60719045,0
5/22/2020 3:00,4136001,iq8k7ZNt4Mwm3w0,24.281303,22.43898007,0
5/22/2020 3:15,4136001,iq8k7ZNt4Mwm3w0,24.14228024,22.20255897,0
5/22/2020 3:30,4136001,iq8k7ZNt4Mwm3w0,24.0494489,22.21956593,0
5/22/2020 3:45,4136001,iq8k7ZNt4Mwm3w0,23.96446737,22.41171163,0
5/22/2020 4:00,4136001,iq8k7ZNt4Mwm3w0,23.78737,22.20228948,0
5/22/2020 4:15,4136001,iq8k7ZNt4Mwm3w0,23.61546127,21.95875873,0
5/22/2020 4:30,4136001,iq8k7ZNt4Mwm3w0,23.491023,21.72859487,0
5/22/2020 4:45,4136001,iq8k7ZNt4Mwm3w0,23.50164369,21.67335048,0
5/22/2020 5:00,4136001,iq8k7ZNt4Mwm3w0,23.44104643,21.60483603,0
5/22/2020 5:15,4136001,iq8k7ZNt4Mwm3w0,23.34478669,21.35120572,0
5/22/2020 5:30,4136001,iq8k7ZNt4Mwm3w0,23.21669933,21.19199323,0
5/22/2020 5:45,4136001,iq8k7ZNt4Mwm3w0,23.20756123,21.15413317,0.001850419
5/22/2020 6:00,4136001,iq8k7ZNt4Mwm3w0,23.22434117,21.2300899,0.015046419
5/22/2020 6:15,4136001,iq8k7ZNt4Mwm3w0,23.41256513,21.6428325,0.036444083
5/22/2020 6:30,4136001,iq8k7ZNt4Mwm3w0,23.7313749,22.33252486,0.068203997
5/22/2020 6:45,4136001,iq8k7ZNt4Mwm3w0,24.2926026,23.7948202,0.104329911
5/22/2020 7:00,4136001,iq8k7ZNt4Mwm3w0,24.8370422,26.70167957,0.15223404
5/22/2020 7:15,4136001,iq8k7ZNt4Mwm3w0,25.16156841,28.02738166,0.223516452
5/22/2020 7:30,4136001,iq8k7ZNt4Mwm3w0,25.86289677,31.2285116,0.331570986
5/22/2020 7:45,4136001,iq8k7ZNt4Mwm3w0,26.55256279,34.14181817,0.386911248
5/22/2020 8:00,4136001,iq8k7ZNt4Mwm3w0,27.16182443,35.9325389,0.424425203
5/22/2020 8:15,4136001,iq8k7ZNt4Mwm3w0,27.541916,36.8019186,0.4674811
5/22/2020 8:30,4136001,iq8k7ZNt4Mwm3w0,27.82692845,38.30849828,0.525042073
5/22/2020 8:45,4136001,iq8k7ZNt4Mwm3w0,28.18195803,40.66426703,0.589840081
5/22/2020 9:00,4136001,iq8k7ZNt4Mwm3w0,28.84968307,43.65442541,0.65015078
5/22/2020 9:15,4136001,iq8k7ZNt4Mwm3w0,29.2417327,47.50795467,0.713910318
5/22/2020 9:30,4136001,iq8k7ZNt4Mwm3w0,29.78351343,49.5048544,0.760793342
5/22/2020 9:45,4136001,iq8k7ZNt4Mwm3w0,30.14520797,51.53690841,0.802964108
5/22/2020 10:00,4136001,iq8k7ZNt4Mwm3w0,30.6321452,54.14784453,0.843450477
5/22/2020 10:15,4136001,iq8k7ZNt4Mwm3w0,31.01010031,55.509168,0.878709773
5/22/2020 10:30,4136001,iq8k7ZNt4Mwm3w0,31.45041397,56.60856537,0.904447393
5/22/2020 10:45,4136001,iq8k7ZNt4Mwm3w0,31.71230345,56.49571617,0.931041988
5/22/2020 11:00,4136001,iq8k7ZNt4Mwm3w0,31.70868323,56.65728057,0.938936327
5/22/2020 11:15,4136001,iq8k7ZNt4Mwm3w0,32.24233517,57.71978933,0.948619885
5/22/2020 11:30,4136001,iq8k7ZNt4Mwm3w0,32.77925152,59.33700803,0.955249843
5/22/2020 11:45,4136001,iq8k7ZNt4Mwm3w0,33.2004823,60.9132211,0.952801231
5/22/2020 12:00,4136001,iq8k7ZNt4Mwm3w0,33.58039269,61.88093817,0.944098102
5/22/2020 12:15,4136001,iq8k7ZNt4Mwm3w0,34.01334813,62.70936687,0.937828005
5/22/2020 12:30,4136001,iq8k7ZNt4Mwm3w0,33.95082383,60.745529,0.929320679
5/22/2020 12:45,4136001,iq8k7ZNt4Mwm3w0,34.40181331,61.7693461,0.919688607
5/22/2020 13:00,4136001,iq8k7ZNt4Mwm3w0,34.97611848,63.80456328,0.907218273
5/22/2020 13:15,4136001,iq8k7ZNt4Mwm3w0,34.83037393,61.95494128,0.893853656
5/22/2020 13:30,4136001,iq8k7ZNt4Mwm3w0,34.96468797,62.98175067,0.875709956
5/22/2020 13:45,4136001,iq8k7ZNt4Mwm3w0,35.29367463,63.42910043,0.857344915
5/22/2020 14:00,4136001,iq8k7ZNt4Mwm3w0,35.30013,60.32280748,0.831927939
5/22/2020 14:15,4136001,iq8k7ZNt4Mwm3w0,35.97692967,62.5950286,0.798891488
5/22/2020 14:30,4136001,iq8k7ZNt4Mwm3w0,35.95554638,60.32342541,0.757962963
5/22/2020 14:45,4136001,iq8k7ZNt4Mwm3w0,36.15517973,59.44070023,0.712892354
5/22/2020 15:00,4136001,iq8k7ZNt4Mwm3w0,36.20357983,57.10282613,0.663903647
5/22/2020 15:15,4136001,iq8k7ZNt4Mwm3w0,36.53600855,54.92006169,0.613602141
5/22/2020 15:30,4136001,iq8k7ZNt4Mwm3w0,36.4829009,53.35857623,0.566235797
5/22/2020 15:45,4136001,iq8k7ZNt4Mwm3w0,36.51623772,50.82568079,0.513763267
5/22/2020 16:00,4136001,iq8k7ZNt4Mwm3w0,36.49547927,48.6366159,0.461918065
5/22/2020 16:15,4136001,iq8k7ZNt4Mwm3w0,36.90676476,48.01077583,0.407201604
5/22/2020 16:30,4136001,iq8k7ZNt4Mwm3w0,36.86410623,46.2538929,0.351029381
5/22/2020 16:45,4136001,iq8k7ZNt4Mwm3w0,36.9060269,44.56530331,0.291662732
5/22/2020 17:00,4136001,iq8k7ZNt4Mwm3w0,36.88915393,43.0381529,0.237599299
5/22/2020 17:15,4136001,iq8k7ZNt4Mwm3w0,36.57830537,40.44085083,0.185470279
5/22/2020 17:30,4136001,iq8k7ZNt4Mwm3w0,36.53098717,38.5621779,0.135997635
5/22/2020 17:45,4136001,iq8k7ZNt4Mwm3w0,36.0125927,36.65240663,0.091365782
5/22/2020 18:00,4136001,iq8k7ZNt4Mwm3w0,34.71382586,34.04627624,0.030452029
5/22/2020 18:15,4136001,iq8k7ZNt4Mwm3w0,33.56503613,31.3863639,0.008426366
5/22/2020 18:30,4136001,iq8k7ZNt4Mwm3w0,33.05054238,30.11554697,0.002445219
5/22/2020 18:45,4136001,iq8k7ZNt4Mwm3w0,32.84936957,29.88410337,6.14E-05
5/22/2020 19:00,4136001,iq8k7ZNt4Mwm3w0,32.577243,29.54191697,0
5/22/2020 19:15,4136001,iq8k7ZNt4Mwm3w0,32.24653452,29.28391128,0
5/22/2020 19:30,4136001,iq8k7ZNt4Mwm3w0,31.64729097,29.4522431,0
5/22/2020 19:45,4136001,iq8k7ZNt4Mwm3w0,30.91984043,29.24835627,0
5/22/2020 20:00,4136001,iq8k7ZNt4Mwm3w0,30.41212428,28.66433403,0
5/22/2020 20:15,4136001,iq8k7ZNt4Mwm3w0,30.16422013,28.15729573,0
5/22/2020 20:30,4136001,iq8k7ZNt4Mwm3w0,29.98364779,27.91784041,0
5/22/2020 20:45,4136001,iq8k7ZNt4Mwm3w0,29.9975493,28.12562353,0
5/22/2020 21:00,4136001,iq8k7ZNt4Mwm3w0,29.6879445,27.79396453,0
5/22/2020 21:15,4136001,iq8k7ZNt4Mwm3w0,29.53093748,27.59103179,0
5/22/2020 21:30,4136001,iq8k7ZNt4Mwm3w0,29.26959127,27.34383643,0
5/22/2020 21:45,4136001,iq8k7ZNt4Mwm3w0,28.94984597,26.88874028,0
5/22/2020 22:00,4136001,iq8k7ZNt4Mwm3w0,28.6407368,26.4522593,0
5/22/2020 22:15,4136001,iq8k7ZNt4Mwm3w0,28.32637237,25.97076407,0
5/22/2020 22:30,4136001,iq8k7ZNt4Mwm3w0,28.08963338,25.65171445,0
5/22/2020 22:45,4136001,iq8k7ZNt4Mwm3w0,27.97398787,25.81418643,0
5/22/2020 23:00,4136001,iq8k7ZNt4Mwm3w0,27.65889545,25.56391631,0
5/22/2020 23:15,4136001,iq8k7ZNt4Mwm3w0,27.41701873,25.2881672,0
5/22/2020 23:30,4136001,iq8k7ZNt4Mwm3w0,27.38874327,25.53173603,0
5/22/2020 23:45,4136001,iq8k7ZNt4Mwm3w0,27.01419145,25.30840107,0
5/23/2020 0:00,4136001,iq8k7ZNt4Mwm3w0,26.72019477,24.93793233,0
5/23/2020 0:15,4136001,iq8k7ZNt4Mwm3w0,26.4556884,24.55032033,0
5/23/2020 0:30,4136001,iq8k7ZNt4Mwm3w0,26.21162031,24.19450424,0
5/23/2020 0:45,4136001,iq8k7ZNt4Mwm3w0,26.10797947,24.0992696,0
5/23/2020 1:00,4136001,iq8k7ZNt4Mwm3w0,25.87124648,23.85640748,0
5/23/2020 1:15,4136001,iq8k7ZNt4Mwm3w0,25.8141451,23.76532583,0
5/23/2020 1:30,4136001,iq8k7ZNt4Mwm3w0,25.83776057,24.23289697,0
5/23/2020 1:45,4136001,iq8k7ZNt4Mwm3w0,25.81694824,24.54913317,0
5/23/2020 2:00,4136001,iq8k7ZNt4Mwm3w0,25.70077397,24.36268807,0
5/23/2020 2:15,4136001,iq8k7ZNt4Mwm3w0,25.59083633,24.13614607,0
5/23/2020 2:30,4136001,iq8k7ZNt4Mwm3w0,25.44831779,23.78755879,0
5/23/2020 2:45,4136001,iq8k7ZNt4Mwm3w0,25.41500133,23.5832816,0
5/23/2020 3:00,4136001,iq8k7ZNt4Mwm3w0,25.2262731,23.23157579,0
5/23/2020 3:15,4136001,iq8k7ZNt4Mwm3w0,24.98559567,22.74414273,0
5/23/2020 3:30,4136001,iq8k7ZNt4Mwm3w0,24.79134397,22.508908,0
5/23/2020 3:45,4136001,iq8k7ZNt4Mwm3w0,24.6517691,22.24635052,0
5/23/2020 4:00,4136001,iq8k7ZNt4Mwm3w0,24.4721009,21.9592774,0
5/23/2020 4:15,4136001,iq8k7ZNt4Mwm3w0,24.21784607,21.94032886,0
5/23/2020 4:30,4136001,iq8k7ZNt4Mwm3w0,24.31587947,21.95020863,0
5/23/2020 4:45,4136001,iq8k7ZNt4Mwm3w0,24.3163708,21.89162087,0
5/23/2020 5:00,4136001,iq8k7ZNt4Mwm3w0,24.0279299,21.66462338,0
5/23/2020 5:15,4136001,iq8k7ZNt4Mwm3w0,23.81304703,21.8106323,0
5/23/2020 5:30,4136001,iq8k7ZNt4Mwm3w0,23.84403503,21.93014428,0
5/23/2020 5:45,4136001,iq8k7ZNt4Mwm3w0,23.70753603,21.79183453,0.001438358
5/23/2020 6:00,4136001,iq8k7ZNt4Mwm3w0,23.83660973,21.78412577,0.014159584
5/23/2020 6:15,4136001,iq8k7ZNt4Mwm3w0,23.965293,22.39798714,0.03523559
5/23/2020 6:30,4136001,iq8k7ZNt4Mwm3w0,24.5411042,23.30528673,0.058712884
5/23/2020 6:45,4136001,iq8k7ZNt4Mwm3w0,24.9720804,24.08396803,0.087425192
5/23/2020 7:00,4136001,iq8k7ZNt4Mwm3w0,25.36907528,24.99233383,0.164578992
5/23/2020 7:15,4136001,iq8k7ZNt4Mwm3w0,26.0042399,27.7420715,0.241824911
5/23/2020 7:30,4136001,iq8k7ZNt4Mwm3w0,26.91770024,32.55195479,0.31485706
5/23/2020 7:45,4136001,iq8k7ZNt4Mwm3w0,27.42969957,35.6099089,0.379357673
5/23/2020 8:00,4136001,iq8k7ZNt4Mwm3w0,27.98889053,38.3060976,0.434127006
5/23/2020 8:15,4136001,iq8k7ZNt4Mwm3w0,28.67064903,40.82138797,0.483639843
5/23/2020 8:30,4136001,iq8k7ZNt4Mwm3w0,29.2585235,43.078069,0.533767754
5/23/2020 8:45,4136001,iq8k7ZNt4Mwm3w0,29.82619924,45.57835024,0.588920457
5/23/2020 9:00,4136001,iq8k7ZNt4Mwm3w0,30.42623807,47.8270621,0.645115022
5/23/2020 9:15,4136001,iq8k7ZNt4Mwm3w0,31.15696107,49.6805094,0.701842381
5/23/2020 9:30,4136001,iq8k7ZNt4Mwm3w0,31.65189852,51.29599097,0.751976972
5/23/2020 9:45,4136001,iq8k7ZNt4Mwm3w0,31.95961093,52.2273416,0.791683317
5/23/2020 10:00,4136001,iq8k7ZNt4Mwm3w0,32.56005869,53.39805979,0.829804732
5/23/2020 10:15,4136001,iq8k7ZNt4Mwm3w0,32.90432747,55.08873697,0.857758543
5/23/2020 10:30,4136001,iq8k7ZNt4Mwm3w0,33.65044887,56.9404368,0.896006506
5/23/2020 10:45,4136001,iq8k7ZNt4Mwm3w0,33.52989662,55.78548138,0.922739114
5/23/2020 11:00,4136001,iq8k7ZNt4Mwm3w0,33.77635623,57.2085926,0.938062118
5/23/2020 11:15,4136001,iq8k7ZNt4Mwm3w0,34.15645859,56.55521031,0.948991531
5/23/2020 11:30,4136001,iq8k7ZNt4Mwm3w0,34.1468976,56.96633583,0.953267991
5/23/2020 11:45,4136001,iq8k7ZNt4Mwm3w0,34.26460945,57.88459907,0.949754402
5/23/2020 12:00,4136001,iq8k7ZNt4Mwm3w0,34.85252283,58.91666463,0.939489804
5/23/2020 12:15,4136001,iq8k7ZNt4Mwm3w0,35.17108457,58.82255163,0.924743091
5/23/2020 12:30,4136001,iq8k7ZNt4Mwm3w0,35.31690076,59.8613049,0.91248973
5/23/2020 12:45,4136001,iq8k7ZNt4Mwm3w0,35.35396523,58.1058104,0.898549795
5/23/2020 13:00,4136001,iq8k7ZNt4Mwm3w0,35.96277152,58.69899772,0.887754643
5/23/2020 13:15,4136001,iq8k7ZNt4Mwm3w0,36.29276527,57.50219543,0.863084062
5/23/2020 13:30,4136001,iq8k7ZNt4Mwm3w0,36.44097607,55.83034573,0.849307675
5/23/2020 13:45,4136001,iq8k7ZNt4Mwm3w0,36.7647411,56.15993317,0.845114027
5/23/2020 14:00,4136001,iq8k7ZNt4Mwm3w0,37.3424864,58.3555124,0.815192912
5/23/2020 14:15,4136001,iq8k7ZNt4Mwm3w0,37.49707645,58.33965862,0.790029117
5/23/2020 14:30,4136001,iq8k7ZNt4Mwm3w0,37.63767077,56.47644367,0.745224632
5/23/2020 14:45,4136001,iq8k7ZNt4Mwm3w0,37.5318053,54.73202107,0.703408954
5/23/2020 15:00,4136001,iq8k7ZNt4Mwm3w0,37.63801317,55.34070866,0.649458564
5/23/2020 15:15,4136001,iq8k7ZNt4Mwm3w0,37.9939015,55.50677997,0.603796347
5/23/2020 15:30,4136001,iq8k7ZNt4Mwm3w0,37.99130352,53.36105869,0.554732496
5/23/2020 15:45,4136001,iq8k7ZNt4Mwm3w0,37.81119797,50.44492493,0.507707061
5/23/2020 16:00,4136001,iq8k7ZNt4Mwm3w0,37.85368963,49.36230667,0.441918929
5/23/2020 16:15,4136001,iq8k7ZNt4Mwm3w0,37.97944793,48.62139141,0.392304105
5/23/2020 16:30,4136001,iq8k7ZNt4Mwm3w0,38.01695633,46.89483423,0.336580613
5/23/2020 16:45,4136001,iq8k7ZNt4Mwm3w0,38.27159307,45.3332845,0.277961291
5/23/2020 17:00,4136001,iq8k7ZNt4Mwm3w0,38.68598266,44.41159052,0.22409626
5/23/2020 17:15,4136001,iq8k7ZNt4Mwm3w0,38.21357223,42.65903837,0.174207046
5/23/2020 17:30,4136001,iq8k7ZNt4Mwm3w0,37.2086959,39.74588324,0.128514332
5/23/2020 17:45,4136001,iq8k7ZNt4Mwm3w0,36.82153547,37.66959103,0.087902249
5/23/2020 18:00,4136001,iq8k7ZNt4Mwm3w0,36.05550541,35.59737097,0.054126066
5/23/2020 18:15,4136001,iq8k7ZNt4Mwm3w0,35.32333367,33.78148493,0.023246327
5/23/2020 18:30,4136001,iq8k7ZNt4Mwm3w0,34.5016269,32.10442207,0.003820496
5/23/2020 18:45,4136001,iq8k7ZNt4Mwm3w0,34.22728148,31.29714024,0.00017201
5/23/2020 19:00,4136001,iq8k7ZNt4Mwm3w0,33.81844083,30.73789153,0
5/23/2020 19:15,4136001,iq8k7ZNt4Mwm3w0,33.62455463,30.70417383,0
5/23/2020 19:30,4136001,iq8k7ZNt4Mwm3w0,33.44275721,31.28073952,0
5/23/2020 19:45,4136001,iq8k7ZNt4Mwm3w0,33.05794583,31.0951711,0
5/23/2020 20:00,4136001,iq8k7ZNt4Mwm3w0,32.32888055,30.57015366,0
5/23/2020 20:15,4136001,iq8k7ZNt4Mwm3w0,31.58526203,30.234904,0
5/23/2020 20:30,4136001,iq8k7ZNt4Mwm3w0,30.91104117,29.6288493,0
5/23/2020 20:45,4136001,iq8k7ZNt4Mwm3w0,30.35288538,29.11477341,0
5/23/2020 21:00,4136001,iq8k7ZNt4Mwm3w0,29.79706317,28.53967293,0
5/23/2020 21:15,4136001,iq8k7ZNt4Mwm3w0,29.37549028,28.16275038,0
5/23/2020 21:30,4136001,iq8k7ZNt4Mwm3w0,28.98020023,27.7605824,0
5/23/2020 21:45,4136001,iq8k7ZNt4Mwm3w0,28.5292786,27.30584423,0
5/23/2020 22:00,4136001,iq8k7ZNt4Mwm3w0,28.255185,26.97849055,0
5/23/2020 22:15,4136001,iq8k7ZNt4Mwm3w0,27.94678757,26.5799976,0
5/23/2020 22:30,4136001,iq8k7ZNt4Mwm3w0,27.57815441,25.91844645,0
5/23/2020 22:45,4136001,iq8k7ZNt4Mwm3w0,27.3795706,25.46783153,0
5/23/2020 23:00,4136001,iq8k7ZNt4Mwm3w0,27.4245355,25.86614667,0
5/23/2020 23:15,4136001,iq8k7ZNt4Mwm3w0,27.18705579,25.80751814,0
5/23/2020 23:30,4136001,iq8k7ZNt4Mwm3w0,26.94531137,25.5226807,0
5/23/2020 23:45,4136001,iq8k7ZNt4Mwm3w0,26.75863147,25.31033193,0
5/24/2020 0:00,4136001,iq8k7ZNt4Mwm3w0,26.40293822,24.86921185,0
5/24/2020 0:15,4136001,iq8k7ZNt4Mwm3w0,26.13339755,24.3726711,0
5/24/2020 0:30,4136001,iq8k7ZNt4Mwm3w0,25.98604637,23.95150047,0
5/24/2020 0:45,4136001,iq8k7ZNt4Mwm3w0,25.9820409,23.87191669,0
5/24/2020 1:00,4136001,iq8k7ZNt4Mwm3w0,25.89175543,23.89785863,0
5/24/2020 1:15,4136001,iq8k7ZNt4Mwm3w0,25.79519459,24.10008086,0
5/24/2020 1:30,4136001,iq8k7ZNt4Mwm3w0,25.6424488,24.4022807,0
5/24/2020 1:45,4136001,iq8k7ZNt4Mwm3w0,25.72024117,25.17036847,0
5/24/2020 2:00,4136001,iq8k7ZNt4Mwm3w0,25.84142466,25.44559448,0
5/24/2020 2:15,4136001,iq8k7ZNt4Mwm3w0,25.82490973,25.21114903,0
5/24/2020 2:30,4136001,iq8k7ZNt4Mwm3w0,25.82013252,25.46969707,0
5/24/2020 2:45,4136001,iq8k7ZNt4Mwm3w0,25.82078957,25.57649697,0
5/24/2020 3:00,4136001,iq8k7ZNt4Mwm3w0,25.81853614,25.57257345,0
5/24/2020 3:15,4136001,iq8k7ZNt4Mwm3w0,25.8033478,25.36029543,0
5/24/2020 3:30,4136001,iq8k7ZNt4Mwm3w0,25.6260894,24.39922587,0
5/24/2020 3:45,4136001,iq8k7ZNt4Mwm3w0,25.46041352,23.85109117,0
5/24/2020 4:00,4136001,iq8k7ZNt4Mwm3w0,25.29573157,23.51264653,0
5/24/2020 4:15,4136001,iq8k7ZNt4Mwm3w0,25.3053819,23.36656366,0
5/24/2020 4:30,4136001,iq8k7ZNt4Mwm3w0,25.31701547,23.4218121,0
5/24/2020 4:45,4136001,iq8k7ZNt4Mwm3w0,25.217163,23.22431847,0
5/24/2020 5:00,4136001,iq8k7ZNt4Mwm3w0,25.22778407,23.25383255,0
5/24/2020 5:15,4136001,iq8k7ZNt4Mwm3w0,25.20199277,23.33053903,0
5/24/2020 5:30,4136001,iq8k7ZNt4Mwm3w0,25.03676107,23.23283345,0
5/24/2020 5:45,4136001,iq8k7ZNt4Mwm3w0,24.86051013,23.04596747,0.001334588
5/24/2020 6:00,4136001,iq8k7ZNt4Mwm3w0,25.047056,23.39000347,0.012174075
5/24/2020 6:15,4136001,iq8k7ZNt4Mwm3w0,25.28124059,24.04139021,0.035089968
5/24/2020 6:30,4136001,iq8k7ZNt4Mwm3w0,25.47712887,24.97696327,0.065338015
5/24/2020 6:45,4136001,iq8k7ZNt4Mwm3w0,25.85121734,26.20841503,0.097212624
5/24/2020 7:00,4136001,iq8k7ZNt4Mwm3w0,26.30829163,27.89057917,0.154065949
5/24/2020 7:15,4136001,iq8k7ZNt4Mwm3w0,26.7272549,29.83866421,0.209921717
5/24/2020 7:30,4136001,iq8k7ZNt4Mwm3w0,27.2751405,32.05365097,0.277260079
5/24/2020 7:45,4136001,iq8k7ZNt4Mwm3w0,27.69124753,33.9516184,0.345086497
5/24/2020 8:00,4136001,iq8k7ZNt4Mwm3w0,28.09962307,36.22155121,0.404569101
5/24/2020 8:15,4136001,iq8k7ZNt4Mwm3w0,28.69885457,38.32156473,0.455819775
5/24/2020 8:30,4136001,iq8k7ZNt4Mwm3w0,29.10136686,40.63142552,0.504486377
5/24/2020 8:45,4136001,iq8k7ZNt4Mwm3w0,29.76086727,43.5098734,0.556928267
5/24/2020 9:00,4136001,iq8k7ZNt4Mwm3w0,30.22387486,45.57747466,0.613758539
5/24/2020 9:15,4136001,iq8k7ZNt4Mwm3w0,30.7511668,48.79332577,0.671353908
5/24/2020 9:30,4136001,iq8k7ZNt4Mwm3w0,31.119519,50.53276903,0.720494026
5/24/2020 9:45,4136001,iq8k7ZNt4Mwm3w0,31.45329755,51.94088962,0.774279077
5/24/2020 10:00,4136001,iq8k7ZNt4Mwm3w0,32.01692423,54.5020254,0.810605534
5/24/2020 10:15,4136001,iq8k7ZNt4Mwm3w0,32.35006386,54.1806651,0.844439604
5/24/2020 10:30,4136001,iq8k7ZNt4Mwm3w0,32.85800903,55.97336833,0.875971959
5/24/2020 10:45,4136001,iq8k7ZNt4Mwm3w0,33.19951487,56.13543197,0.897621417
5/24/2020 11:00,4136001,iq8k7ZNt4Mwm3w0,33.41826031,55.39014917,0.915003699
5/24/2020 11:15,4136001,iq8k7ZNt4Mwm3w0,33.4183849,55.18932493,0.92479036
5/24/2020 11:30,4136001,iq8k7ZNt4Mwm3w0,33.9582151,58.21003693,0.928405711
5/24/2020 11:45,4136001,iq8k7ZNt4Mwm3w0,34.24283733,57.9946881,0.926277065
5/24/2020 12:00,4136001,iq8k7ZNt4Mwm3w0,34.49443767,56.83340373,0.912892801
5/24/2020 12:15,4136001,iq8k7ZNt4Mwm3w0,34.92356531,57.05526503,0.906127997
5/24/2020 12:30,4136001,iq8k7ZNt4Mwm3w0,35.02100123,56.94017953,0.89729751
5/24/2020 12:45,4136001,iq8k7ZNt4Mwm3w0,35.59846348,59.70246931,0.891665507
5/24/2020 13:00,4136001,iq8k7ZNt4Mwm3w0,35.69947007,57.66288357,0.882262438
5/24/2020 13:15,4136001,iq8k7ZNt4Mwm3w0,35.65648383,56.96130673,0.868273234
5/24/2020 13:30,4136001,iq8k7ZNt4Mwm3w0,36.15078824,58.84478145,0.851252401
5/24/2020 13:45,4136001,iq8k7ZNt4Mwm3w0,36.4210002,56.7228832,0.825711697
5/24/2020 14:00,4136001,iq8k7ZNt4Mwm3w0,36.75481345,57.15047062,0.801176466
5/24/2020 14:15,4136001,iq8k7ZNt4Mwm3w0,37.07135227,57.42612313,0.770364112
5/24/2020 14:30,4136001,iq8k7ZNt4Mwm3w0,37.2610419,56.47695933,0.729815172
5/24/2020 14:45,4136001,iq8k7ZNt4Mwm3w0,37.33837655,55.58946293,0.686951842
5/24/2020 15:00,4136001,iq8k7ZNt4Mwm3w0,37.3177489,52.49230353,0.640531135
5/24/2020 15:15,4136001,iq8k7ZNt4Mwm3w0,37.85587883,53.0196879,0.590665452
5/24/2020 15:30,4136001,iq8k7ZNt4Mwm3w0,37.62966927,52.48177703,0.540871979
5/24/2020 15:45,4136001,iq8k7ZNt4Mwm3w0,37.87520047,51.82158227,0.488572172
5/24/2020 16:00,4136001,iq8k7ZNt4Mwm3w0,37.89913621,49.53836807,0.438441939
5/24/2020 16:15,4136001,iq8k7ZNt4Mwm3w0,38.77518217,49.9913563,0.385321908
5/24/2020 16:30,4136001,iq8k7ZNt4Mwm3w0,38.987169,47.90914286,0.331476071
5/24/2020 16:45,4136001,iq8k7ZNt4Mwm3w0,38.97873133,45.85465107,0.273803273
5/24/2020 17:00,4136001,iq8k7ZNt4Mwm3w0,38.56486117,43.50672293,0.220942424
5/24/2020 17:15,4136001,iq8k7ZNt4Mwm3w0,38.47051876,41.95445324,0.170968726
5/24/2020 17:30,4136001,iq8k7ZNt4Mwm3w0,39.18163777,40.44253733,0.124878389
5/24/2020 17:45,4136001,iq8k7ZNt4Mwm3w0,37.96452297,38.27217469,0.085381439
5/24/2020 18:00,4136001,iq8k7ZNt4Mwm3w0,37.2827514,36.2624694,0.051448475
5/24/2020 18:15,4136001,iq8k7ZNt4Mwm3w0,35.63895373,34.16856257,0.02655875
5/24/2020 18:30,4136001,iq8k7ZNt4Mwm3w0,34.93608876,32.78154769,0.009439237
5/24/2020 18:45,4136001,iq8k7ZNt4Mwm3w0,34.5740123,32.09254563,0.000663819
5/24/2020 19:00,4136001,iq8k7ZNt4Mwm3w0,34.27799579,31.82286121,0
5/24/2020 19:15,4136001,iq8k7ZNt4Mwm3w0,33.65466803,31.72148537,0
5/24/2020 19:30,4136001,iq8k7ZNt4Mwm3w0,32.58645563,31.16104837,0
5/24/2020 19:45,4136001,iq8k7ZNt4Mwm3w0,32.13447072,30.82447769,0
5/24/2020 20:00,4136001,iq8k7ZNt4Mwm3w0,31.5436025,30.23712457,0
5/24/2020 20:15,4136001,iq8k7ZNt4Mwm3w0,31.09390031,29.80495783,0
5/24/2020 20:30,4136001,iq8k7ZNt4Mwm3w0,30.6486756,29.33413483,0
5/24/2020 20:45,4136001,iq8k7ZNt4Mwm3w0,30.32377653,29.0574565,0
5/24/2020 21:00,4136001,iq8k7ZNt4Mwm3w0,29.87006238,28.62210597,0
5/24/2020 21:15,4136001,iq8k7ZNt4Mwm3w0,29.49351593,28.2586864,0
5/24/2020 21:30,4136001,iq8k7ZNt4Mwm3w0,29.12935277,27.9722188,0
5/24/2020 21:45,4136001,iq8k7ZNt4Mwm3w0,28.81339762,27.68312638,0
5/24/2020 22:00,4136001,iq8k7ZNt4Mwm3w0,28.48026443,27.3468169,0
5/24/2020 22:15,4136001,iq8k7ZNt4Mwm3w0,28.15289307,27.024714,0
5/24/2020 22:30,4136001,iq8k7ZNt4Mwm3w0,27.8130096,26.48564357,0
5/24/2020 22:45,4136001,iq8k7ZNt4Mwm3w0,27.5779439,26.06936233,0
5/24/2020 23:00,4136001,iq8k7ZNt4Mwm3w0,27.27079507,25.918397,0
5/24/2020 23:15,4136001,iq8k7ZNt4Mwm3w0,27.09300517,25.6847971,0
5/24/2020 23:30,4136001,iq8k7ZNt4Mwm3w0,26.94672872,25.54129548,0
5/24/2020 23:45,4136001,iq8k7ZNt4Mwm3w0,26.78177183,25.2957732,0
5/25/2020 0:00,4136001,iq8k7ZNt4Mwm3w0,26.59894827,25.0943206,0
5/25/2020 0:15,4136001,iq8k7ZNt4Mwm3w0,26.49655352,25.05504517,0
5/25/2020 0:30,4136001,iq8k7ZNt4Mwm3w0,26.37586873,24.94560533,0
5/25/2020 0:45,4136001,iq8k7ZNt4Mwm3w0,26.23341487,24.79060167,0
5/25/2020 1:00,4136001,iq8k7ZNt4Mwm3w0,26.08462214,24.5337209,0
5/25/2020 1:15,4136001,iq8k7ZNt4Mwm3w0,25.9386293,24.3438151,0
5/25/2020 1:30,4136001,iq8k7ZNt4Mwm3w0,25.74798262,24.06110359,0
5/25/2020 1:45,4136001,iq8k7ZNt4Mwm3w0,25.6685404,23.945862,0
5/25/2020 2:00,4136001,iq8k7ZNt4Mwm3w0,25.6219767,24.03547373,0
5/25/2020 2:15,4136001,iq8k7ZNt4Mwm3w0,25.49624093,23.91696686,0
5/25/2020 2:30,4136001,iq8k7ZNt4Mwm3w0,25.4765594,23.85368453,0
5/25/2020 2:45,4136001,iq8k7ZNt4Mwm3w0,25.58928317,24.11022853,0
5/25/2020 3:00,4136001,iq8k7ZNt4Mwm3w0,25.49149914,24.09814569,0
5/25/2020 3:15,4136001,iq8k7ZNt4Mwm3w0,25.4847106,24.11796773,0
5/25/2020 3:30,4136001,iq8k7ZNt4Mwm3w0,25.51680759,24.24836576,0
5/25/2020 3:45,4136001,iq8k7ZNt4Mwm3w0,25.50256333,24.08781537,0
5/25/2020 4:00,4136001,iq8k7ZNt4Mwm3w0,25.38500763,23.88479713,0
5/25/2020 4:15,4136001,iq8k7ZNt4Mwm3w0,25.25344955,23.61388752,0
5/25/2020 4:30,4136001,iq8k7ZNt4Mwm3w0,25.22475063,23.56334127,0
5/25/2020 4:45,4136001,iq8k7ZNt4Mwm3w0,25.20791424,23.59203797,0
5/25/2020 5:00,4136001,iq8k7ZNt4Mwm3w0,25.1196219,23.58376167,0
5/25/2020 5:15,4136001,iq8k7ZNt4Mwm3w0,25.25614423,24.01270663,0
5/25/2020 5:30,4136001,iq8k7ZNt4Mwm3w0,25.23564297,24.11748328,0
5/25/2020 5:45,4136001,iq8k7ZNt4Mwm3w0,25.09642653,23.86466167,0.001865666
5/25/2020 6:00,4136001,iq8k7ZNt4Mwm3w0,25.07477113,23.76720073,0.013540632
5/25/2020 6:15,4136001,iq8k7ZNt4Mwm3w0,25.33059148,24.42353883,0.040956967
5/25/2020 6:30,4136001,iq8k7ZNt4Mwm3w0,25.7025726,25.90040383,0.082729986
5/25/2020 6:45,4136001,iq8k7ZNt4Mwm3w0,26.17526552,27.51510624,0.107661149
5/25/2020 7:00,4136001,iq8k7ZNt4Mwm3w0,26.65747577,28.97328397,0.157240678
5/25/2020 7:15,4136001,iq8k7ZNt4Mwm3w0,27.24854133,31.0637054,0.215982752
5/25/2020 7:30,4136001,iq8k7ZNt4Mwm3w0,27.64548666,32.83677841,0.277557972
5/25/2020 7:45,4136001,iq8k7ZNt4Mwm3w0,28.04843343,34.35977077,0.343500565
5/25/2020 8:00,4136001,iq8k7ZNt4Mwm3w0,28.19911976,35.12488014,0.385233709
5/25/2020 8:15,4136001,iq8k7ZNt4Mwm3w0,28.42741917,36.41876937,0.429112392
5/25/2020 8:30,4136001,iq8k7ZNt4Mwm3w0,28.85279133,38.16901127,0.47643663
5/25/2020 8:45,4136001,iq8k7ZNt4Mwm3w0,29.55345921,40.76789162,0.518565159
5/25/2020 9:00,4136001,iq8k7ZNt4Mwm3w0,29.6285908,41.97955837,0.593023271
5/25/2020 9:15,4136001,iq8k7ZNt4Mwm3w0,30.05585455,44.4128059,0.641240869
5/25/2020 9:30,4136001,iq8k7ZNt4Mwm3w0,30.4677287,46.11891973,0.710985943
5/25/2020 9:45,4136001,iq8k7ZNt4Mwm3w0,30.640335,47.7463604,0.74675385
5/25/2020 10:00,4136001,iq8k7ZNt4Mwm3w0,31.24525617,49.34420779,0.755505956
5/25/2020 10:15,4136001,iq8k7ZNt4Mwm3w0,31.5482981,50.3546928,0.814023724
5/25/2020 10:30,4136001,iq8k7ZNt4Mwm3w0,31.97789259,51.87954624,0.845634558
5/25/2020 10:45,4136001,iq8k7ZNt4Mwm3w0,32.2193849,52.1838337,0.813823559
5/25/2020 11:00,4136001,iq8k7ZNt4Mwm3w0,32.4698995,52.15331013,0.901385403
5/25/2020 11:15,4136001,iq8k7ZNt4Mwm3w0,33.09682786,53.99734386,0.910138064
5/25/2020 11:30,4136001,iq8k7ZNt4Mwm3w0,33.3583883,53.1043416,0.830648327
5/25/2020 11:45,4136001,iq8k7ZNt4Mwm3w0,33.84070462,55.51189952,0.917278124
5/25/2020 12:00,4136001,iq8k7ZNt4Mwm3w0,33.85287567,55.43544303,0.90696158
5/25/2020 12:15,4136001,iq8k7ZNt4Mwm3w0,34.03098176,55.33183976,0.907799024
5/25/2020 12:30,4136001,iq8k7ZNt4Mwm3w0,34.60776683,57.03127543,0.900111899
5/25/2020 12:45,4136001,iq8k7ZNt4Mwm3w0,34.84495057,57.04478967,0.897892386
5/25/2020 13:00,4136001,iq8k7ZNt4Mwm3w0,35.04155441,57.14433331,0.884031486
5/25/2020 13:15,4136001,iq8k7ZNt4Mwm3w0,35.41148759,56.24719338,0.86478032
5/25/2020 13:30,4136001,iq8k7ZNt4Mwm3w0,35.6610759,57.11944141,0.853738251
5/25/2020 13:45,4136001,iq8k7ZNt4Mwm3w0,36.27135023,58.39176113,0.828360965
5/25/2020 14:00,4136001,iq8k7ZNt4Mwm3w0,36.14197314,57.50238355,0.798353108
5/25/2020 14:15,4136001,iq8k7ZNt4Mwm3w0,36.43180633,56.28563357,0.765767881
5/25/2020 14:30,4136001,iq8k7ZNt4Mwm3w0,36.68508507,54.93454673,0.732173297
5/25/2020 14:45,4136001,iq8k7ZNt4Mwm3w0,37.17701862,56.59181459,0.688537561
5/25/2020 15:00,4136001,iq8k7ZNt4Mwm3w0,37.03174523,53.85171913,0.644651987
5/25/2020 15:15,4136001,iq8k7ZNt4Mwm3w0,37.2405374,52.9199137,0.594396737
5/25/2020 15:30,4136001,iq8k7ZNt4Mwm3w0,37.39873517,51.74556872,0.542135333
5/25/2020 15:45,4136001,iq8k7ZNt4Mwm3w0,37.53265567,50.82960937,0.494979795
5/25/2020 16:00,4136001,iq8k7ZNt4Mwm3w0,37.87244607,50.33469897,0.474815779
5/25/2020 16:15,4136001,iq8k7ZNt4Mwm3w0,38.0367239,50.68892627,0.442960853
5/25/2020 16:30,4136001,iq8k7ZNt4Mwm3w0,37.39374793,46.0385316,0.218394486
5/25/2020 16:45,4136001,iq8k7ZNt4Mwm3w0,37.13094783,42.81054062,0.256490143
5/25/2020 17:00,4136001,iq8k7ZNt4Mwm3w0,36.98203237,41.7511568,0.191253128
5/25/2020 17:15,4136001,iq8k7ZNt4Mwm3w0,36.69451576,39.06983683,0.077601166
5/25/2020 17:30,4136001,iq8k7ZNt4Mwm3w0,36.0037993,35.963227,0.029605416
5/25/2020 17:45,4136001,iq8k7ZNt4Mwm3w0,35.52824183,34.22728683,0.014767772
5/25/2020 18:00,4136001,iq8k7ZNt4Mwm3w0,35.277157,33.42034928,0.008415308
5/25/2020 18:15,4136001,iq8k7ZNt4Mwm3w0,34.82022003,32.71644093,0.003543016
5/25/2020 18:30,4136001,iq8k7ZNt4Mwm3w0,34.42703462,32.08817193,0.002888542
5/25/2020 18:45,4136001,iq8k7ZNt4Mwm3w0,34.16354157,31.61218263,0.000692005
5/25/2020 19:00,4136001,iq8k7ZNt4Mwm3w0,33.94068847,31.27500097,0
5/25/2020 19:15,4136001,iq8k7ZNt4Mwm3w0,33.98035276,31.38765321,0
5/25/2020 19:30,4136001,iq8k7ZNt4Mwm3w0,33.921566,31.59614653,0
5/25/2020 19:45,4136001,iq8k7ZNt4Mwm3w0,33.8279819,31.6019428,0
5/25/2020 20:00,4136001,iq8k7ZNt4Mwm3w0,33.81912886,31.76890503,0
5/25/2020 20:15,4136001,iq8k7ZNt4Mwm3w0,33.83254853,31.55258583,0
5/25/2020 20:30,4136001,iq8k7ZNt4Mwm3w0,33.42381403,30.88576741,0
5/25/2020 20:45,4136001,iq8k7ZNt4Mwm3w0,33.11771427,30.93858357,0
5/25/2020 21:00,4136001,iq8k7ZNt4Mwm3w0,32.3061685,30.91641447,0
5/25/2020 21:15,4136001,iq8k7ZNt4Mwm3w0,31.46432272,30.36373993,0
5/25/2020 21:30,4136001,iq8k7ZNt4Mwm3w0,30.9443297,30.07848717,0
5/25/2020 21:45,4136001,iq8k7ZNt4Mwm3w0,30.52747317,29.7056731,0
5/25/2020 22:00,4136001,iq8k7ZNt4Mwm3w0,30.1751531,29.12527462,0
5/25/2020 22:15,4136001,iq8k7ZNt4Mwm3w0,29.84542537,28.7142355,0
5/25/2020 22:30,4136001,iq8k7ZNt4Mwm3w0,29.52575586,28.39983834,0
5/25/2020 22:45,4136001,iq8k7ZNt4Mwm3w0,28.848941,27.76683043,0
5/25/2020 23:00,4136001,iq8k7ZNt4Mwm3w0,28.36594347,27.07433983,0
5/25/2020 23:15,4136001,iq8k7ZNt4Mwm3w0,28.17704707,26.73121876,0
5/25/2020 23:30,4136001,iq8k7ZNt4Mwm3w0,28.05921857,26.6488606,0
5/25/2020 23:45,4136001,iq8k7ZNt4Mwm3w0,28.20533269,27.19726038,0
5/26/2020 0:00,4136001,iq8k7ZNt4Mwm3w0,28.34223663,27.4898579,0
5/26/2020 0:15,4136001,iq8k7ZNt4Mwm3w0,28.330767,27.96586293,0
5/26/2020 0:30,4136001,iq8k7ZNt4Mwm3w0,26.95665769,27.15537852,0
5/26/2020 0:45,4136001,iq8k7ZNt4Mwm3w0,25.44859103,25.5369639,0
5/26/2020 1:00,4136001,iq8k7ZNt4Mwm3w0,24.65514717,24.86020214,0
5/26/2020 1:15,4136001,iq8k7ZNt4Mwm3w0,24.42694513,24.16675193,0
5/26/2020 1:30,4136001,iq8k7ZNt4Mwm3w0,24.27299193,23.95519207,0
5/26/2020 1:45,4136001,iq8k7ZNt4Mwm3w0,23.91708359,23.412221,0
5/26/2020 2:00,4136001,iq8k7ZNt4Mwm3w0,23.9144642,23.14130657,0
5/26/2020 2:15,4136001,iq8k7ZNt4Mwm3w0,24.3156373,23.46102403,0
5/26/2020 2:30,4136001,iq8k7ZNt4Mwm3w0,24.75018934,23.78225076,0
5/26/2020 2:45,4136001,iq8k7ZNt4Mwm3w0,25.1728576,24.22525123,0
5/26/2020 3:00,4136001,iq8k7ZNt4Mwm3w0,25.45304903,24.54527955,0
5/26/2020 3:15,4136001,iq8k7ZNt4Mwm3w0,25.33859553,24.50960593,0
5/26/2020 3:30,4136001,iq8k7ZNt4Mwm3w0,24.86705307,23.70800987,0
5/26/2020 3:45,4136001,iq8k7ZNt4Mwm3w0,24.68329807,22.94825379,0
5/26/2020 4:00,4136001,iq8k7ZNt4Mwm3w0,24.55517077,22.6975231,0
5/26/2020 4:15,4136001,iq8k7ZNt4Mwm3w0,24.3268539,22.39847659,0
5/26/2020 4:30,4136001,iq8k7ZNt4Mwm3w0,24.26740727,22.15573523,0
5/26/2020 4:45,4136001,iq8k7ZNt4Mwm3w0,24.23032653,21.9190888,0
5/26/2020 5:00,4136001,iq8k7ZNt4Mwm3w0,24.1011301,21.67725248,0
5/26/2020 5:15,4136001,iq8k7ZNt4Mwm3w0,23.95265703,21.39651183,0
5/26/2020 5:30,4136001,iq8k7ZNt4Mwm3w0,23.60552963,21.3432689,0
5/26/2020 5:45,4136001,iq8k7ZNt4Mwm3w0,23.60175417,21.20069507,0.001421767
5/26/2020 6:00,4136001,iq8k7ZNt4Mwm3w0,23.24824417,21.40876667,0.013065548
5/26/2020 6:15,4136001,iq8k7ZNt4Mwm3w0,23.36390234,21.92561724,0.034520982
5/26/2020 6:30,4136001,iq8k7ZNt4Mwm3w0,23.82037263,23.0798798,0.05963833
5/26/2020 6:45,4136001,iq8k7ZNt4Mwm3w0,24.67673647,24.9631765,0.095527982
5/26/2020 7:00,4136001,iq8k7ZNt4Mwm3w0,25.71168997,27.316039,0.160992179
5/26/2020 7:15,4136001,iq8k7ZNt4Mwm3w0,26.53708303,30.19405517,0.229912392
5/26/2020 7:30,4136001,iq8k7ZNt4Mwm3w0,27.06469403,33.83034338,0.294093311
5/26/2020 7:45,4136001,iq8k7ZNt4Mwm3w0,27.74542343,37.04812337,0.359160047
5/26/2020 8:00,4136001,iq8k7ZNt4Mwm3w0,28.37274386,39.79584986,0.414452472
5/26/2020 8:15,4136001,iq8k7ZNt4Mwm3w0,29.11446327,42.41866957,0.467069849
5/26/2020 8:30,4136001,iq8k7ZNt4Mwm3w0,29.47989483,43.39231353,0.514888436
5/26/2020 8:45,4136001,iq8k7ZNt4Mwm3w0,29.25090297,41.69375503,0.568577295
5/26/2020 9:00,4136001,iq8k7ZNt4Mwm3w0,29.43369843,42.974007,0.625987631
5/26/2020 9:15,4136001,iq8k7ZNt4Mwm3w0,30.01162086,45.39386428,0.680981224
5/26/2020 9:30,4136001,iq8k7ZNt4Mwm3w0,31.11869703,48.9055509,0.729687224
5/26/2020 9:45,4136001,iq8k7ZNt4Mwm3w0,31.27024369,48.96429321,0.773368206
5/26/2020 10:00,4136001,iq8k7ZNt4Mwm3w0,31.42967723,49.56611957,0.809976301
5/26/2020 10:15,4136001,iq8k7ZNt4Mwm3w0,31.98654983,51.735156,0.840938725
5/26/2020 10:30,4136001,iq8k7ZNt4Mwm3w0,31.98130952,51.08637397,0.870829976
5/26/2020 10:45,4136001,iq8k7ZNt4Mwm3w0,32.71930447,52.43489983,0.892148319
5/26/2020 11:00,4136001,iq8k7ZNt4Mwm3w0,32.87712672,52.64238759,0.912031152
5/26/2020 11:15,4136001,iq8k7ZNt4Mwm3w0,33.28965223,53.1209666,0.922336359
5/26/2020 11:30,4136001,iq8k7ZNt4Mwm3w0,33.29213203,53.47989834,0.927910381
5/26/2020 11:45,4136001,iq8k7ZNt4Mwm3w0,33.78835747,54.0104259,0.92061891
5/26/2020 12:00,4136001,iq8k7ZNt4Mwm3w0,34.13226224,53.98706238,0.918759928
5/26/2020 12:15,4136001,iq8k7ZNt4Mwm3w0,34.20905173,53.7587892,0.884137593
5/26/2020 12:30,4136001,iq8k7ZNt4Mwm3w0,34.99182437,55.36570217,0.90528711
5/26/2020 12:45,4136001,iq8k7ZNt4Mwm3w0,35.05243024,56.0858301,0.897605161
5/26/2020 13:00,4136001,iq8k7ZNt4Mwm3w0,35.18206683,56.0187187,0.880101962
5/26/2020 13:15,4136001,iq8k7ZNt4Mwm3w0,35.11403779,54.24776093,0.736716127
5/26/2020 13:30,4136001,iq8k7ZNt4Mwm3w0,34.84871737,49.84461837,0.740637143
5/26/2020 13:45,4136001,iq8k7ZNt4Mwm3w0,35.2764559,52.93590997,0.855415827
5/26/2020 14:00,4136001,iq8k7ZNt4Mwm3w0,35.5894422,53.72626433,0.82052448
5/26/2020 14:15,4136001,iq8k7ZNt4Mwm3w0,35.85149303,52.71090779,0.655981315
5/26/2020 14:30,4136001,iq8k7ZNt4Mwm3w0,35.536838,51.79687607,0.753517258
5/26/2020 14:45,4136001,iq8k7ZNt4Mwm3w0,35.5224324,52.3770518,0.724315032
5/26/2020 15:00,4136001,iq8k7ZNt4Mwm3w0,35.69397924,51.18871014,0.660275628
5/26/2020 15:15,4136001,iq8k7ZNt4Mwm3w0,35.67794563,49.94267583,0.608282797
5/26/2020 15:30,4136001,iq8k7ZNt4Mwm3w0,35.7142871,48.47235203,0.543593876
5/26/2020 15:45,4136001,iq8k7ZNt4Mwm3w0,35.89923623,47.2197897,0.501466684
5/26/2020 16:00,4136001,iq8k7ZNt4Mwm3w0,35.93234362,46.23404162,0.452362629
5/26/2020 16:15,4136001,iq8k7ZNt4Mwm3w0,35.85735567,45.0917156,0.401510267
5/26/2020 16:30,4136001,iq8k7ZNt4Mwm3w0,36.12973313,44.496593,0.36875262
5/26/2020 16:45,4136001,iq8k7ZNt4Mwm3w0,36.31928238,44.18553541,0.31330764
5/26/2020 17:00,4136001,iq8k7ZNt4Mwm3w0,35.64510623,40.69924507,0.154430092
5/26/2020 17:15,4136001,iq8k7ZNt4Mwm3w0,35.02372352,37.51514403,0.115305334
5/26/2020 17:30,4136001,iq8k7ZNt4Mwm3w0,34.622872,36.12686273,0.090573248
5/26/2020 17:45,4136001,iq8k7ZNt4Mwm3w0,34.16369859,34.68681917,0.052284415
5/26/2020 18:00,4136001,iq8k7ZNt4Mwm3w0,33.8638795,33.45212207,0.031321754
5/26/2020 18:15,4136001,iq8k7ZNt4Mwm3w0,33.74750657,32.90703943,0.027178394
5/26/2020 18:30,4136001,iq8k7ZNt4Mwm3w0,33.429941,32.58182197,0.018104724
5/26/2020 18:45,4136001,iq8k7ZNt4Mwm3w0,32.90912057,31.7251761,0.002789898
5/26/2020 19:00,4136001,iq8k7ZNt4Mwm3w0,32.5730194,31.0817933,0
5/26/2020 19:15,4136001,iq8k7ZNt4Mwm3w0,32.22199197,30.624296,0
5/26/2020 19:30,4136001,iq8k7ZNt4Mwm3w0,32.0799193,30.4242361,0
5/26/2020 19:45,4136001,iq8k7ZNt4Mwm3w0,31.80501476,30.0999609,0
5/26/2020 20:00,4136001,iq8k7ZNt4Mwm3w0,31.45492247,30.05427043,0
5/26/2020 20:15,4136001,iq8k7ZNt4Mwm3w0,31.12610057,29.75645233,0
5/26/2020 20:30,4136001,iq8k7ZNt4Mwm3w0,30.8583309,29.46983807,0
5/26/2020 20:45,4136001,iq8k7ZNt4Mwm3w0,30.678416,29.3067066,0
5/26/2020 21:00,4136001,iq8k7ZNt4Mwm3w0,30.48603833,29.09283353,0
5/26/2020 21:15,4136001,iq8k7ZNt4Mwm3w0,30.26235338,28.85625076,0
5/26/2020 21:30,4136001,iq8k7ZNt4Mwm3w0,30.00443303,28.62554627,0
5/26/2020 21:45,4136001,iq8k7ZNt4Mwm3w0,29.73663531,28.4765351,0
5/26/2020 22:00,4136001,iq8k7ZNt4Mwm3w0,29.40928637,28.10703327,0
5/26/2020 22:15,4136001,iq8k7ZNt4Mwm3w0,29.19312467,27.9139822,0
5/26/2020 22:30,4136001,iq8k7ZNt4Mwm3w0,28.90945317,27.65186386,0
5/26/2020 22:45,4136001,iq8k7ZNt4Mwm3w0,28.72979013,27.43372277,0
5/26/2020 23:00,4136001,iq8k7ZNt4Mwm3w0,28.39473021,27.17892455,0
5/26/2020 23:15,4136001,iq8k7ZNt4Mwm3w0,28.08758353,26.9013041,0
5/26/2020 23:30,4136001,iq8k7ZNt4Mwm3w0,27.91910297,26.76542153,0
5/26/2020 23:45,4136001,iq8k7ZNt4Mwm3w0,27.74912441,26.54149862,0
5/27/2020 0:00,4136001,iq8k7ZNt4Mwm3w0,27.5451702,26.29030273,0
5/27/2020 0:15,4136001,iq8k7ZNt4Mwm3w0,27.30886517,25.93619079,0
5/27/2020 0:30,4136001,iq8k7ZNt4Mwm3w0,27.24348123,25.8183309,0
5/27/2020 0:45,4136001,iq8k7ZNt4Mwm3w0,27.03751433,25.7874807,0
5/27/2020 1:00,4136001,iq8k7ZNt4Mwm3w0,26.7210179,25.61978476,0
5/27/2020 1:15,4136001,iq8k7ZNt4Mwm3w0,26.4405285,25.53565873,0
5/27/2020 1:30,4136001,iq8k7ZNt4Mwm3w0,26.33681714,25.40931552,0
5/27/2020 1:45,4136001,iq8k7ZNt4Mwm3w0,26.30245797,25.44198817,0
5/27/2020 2:00,4136001,iq8k7ZNt4Mwm3w0,26.29570037,25.48237417,0
5/27/2020 2:15,4136001,iq8k7ZNt4Mwm3w0,26.32174162,25.65648352,0
5/27/2020 2:30,4136001,iq8k7ZNt4Mwm3w0,26.358148,25.8972401,0
5/27/2020 2:45,4136001,iq8k7ZNt4Mwm3w0,26.34651007,25.92935379,0
5/27/2020 3:00,4136001,iq8k7ZNt4Mwm3w0,26.33055107,25.81833503,0
5/27/2020 3:15,4136001,iq8k7ZNt4Mwm3w0,26.29363307,25.58749793,0
5/27/2020 3:30,4136001,iq8k7ZNt4Mwm3w0,26.13975041,25.26662448,0
5/27/2020 3:45,4136001,iq8k7ZNt4Mwm3w0,25.99067777,24.9884511,0
5/27/2020 4:00,4136001,iq8k7ZNt4Mwm3w0,25.85311059,24.63523814,0
5/27/2020 4:15,4136001,iq8k7ZNt4Mwm3w0,25.72998553,24.49196053,0
5/27/2020 4:30,4136001,iq8k7ZNt4Mwm3w0,25.6414103,24.403943,0
5/27/2020 4:45,4136001,iq8k7ZNt4Mwm3w0,25.63246321,24.42198548,0
5/27/2020 5:00,4136001,iq8k7ZNt4Mwm3w0,25.66289347,24.5508331,0
5/27/2020 5:15,4136001,iq8k7ZNt4Mwm3w0,25.65468393,24.54721052,0
5/27/2020 5:30,4136001,iq8k7ZNt4Mwm3w0,25.67775883,24.7202515,8.96E-06
5/27/2020 5:45,4136001,iq8k7ZNt4Mwm3w0,25.8521579,25.22909137,0.001094034
5/27/2020 6:00,4136001,iq8k7ZNt4Mwm3w0,25.8664089,25.49740079,0.013587657
5/27/2020 6:15,4136001,iq8k7ZNt4Mwm3w0,25.87323527,25.52367137,0.031149437
5/27/2020 6:30,4136001,iq8k7ZNt4Mwm3w0,25.85895428,25.846911,0.056535002
5/27/2020 6:45,4136001,iq8k7ZNt4Mwm3w0,26.01549483,26.7628153,0.092433553
5/27/2020 7:00,4136001,iq8k7ZNt4Mwm3w0,26.34586677,28.12151493,0.144762606
5/27/2020 7:15,4136001,iq8k7ZNt4Mwm3w0,26.68681624,29.73158734,0.203280667
5/27/2020 7:30,4136001,iq8k7ZNt4Mwm3w0,27.12697023,31.62497153,0.271789617
5/27/2020 7:45,4136001,iq8k7ZNt4Mwm3w0,27.6012014,33.841402,0.338838614
5/27/2020 8:00,4136001,iq8k7ZNt4Mwm3w0,27.94624917,35.54771052,0.39808096
5/27/2020 8:15,4136001,iq8k7ZNt4Mwm3w0,28.34858207,36.97313137,0.444852362
5/27/2020 8:30,4136001,iq8k7ZNt4Mwm3w0,28.66838748,38.95141403,0.498767361
5/27/2020 8:45,4136001,iq8k7ZNt4Mwm3w0,29.11482857,40.6182475,0.552866132
5/27/2020 9:00,4136001,iq8k7ZNt4Mwm3w0,29.50993814,42.32373655,0.610356163
5/27/2020 9:15,4136001,iq8k7ZNt4Mwm3w0,30.0986399,44.7662934,0.669397301
5/27/2020 9:30,4136001,iq8k7ZNt4Mwm3w0,30.5813742,46.6188518,0.718648328
5/27/2020 9:45,4136001,iq8k7ZNt4Mwm3w0,30.93518059,48.11386738,0.763997281
5/27/2020 10:00,4136001,iq8k7ZNt4Mwm3w0,31.31298023,49.45657857,0.79805604
5/27/2020 10:15,4136001,iq8k7ZNt4Mwm3w0,31.92247924,51.56761859,0.836573774
5/27/2020 10:30,4136001,iq8k7ZNt4Mwm3w0,32.06901443,51.58849673,0.866850341
5/27/2020 10:45,4136001,iq8k7ZNt4Mwm3w0,32.31029359,54.26625848,0.886495584
5/27/2020 11:00,4136001,iq8k7ZNt4Mwm3w0,32.85389013,56.9974366,0.908321475
5/27/2020 11:15,4136001,iq8k7ZNt4Mwm3w0,33.18971147,57.36328197,0.922354443
5/27/2020 11:30,4136001,iq8k7ZNt4Mwm3w0,33.38143824,57.823421,0.929887158
5/27/2020 11:45,4136001,iq8k7ZNt4Mwm3w0,33.65967097,59.5346814,0.926049582
5/27/2020 12:00,4136001,iq8k7ZNt4Mwm3w0,33.98225545,59.85890772,0.919512854
5/27/2020 12:15,4136001,iq8k7ZNt4Mwm3w0,34.10361527,59.7895418,0.909276132
5/27/2020 12:30,4136001,iq8k7ZNt4Mwm3w0,34.4032065,61.01963693,0.9003745
5/27/2020 12:45,4136001,iq8k7ZNt4Mwm3w0,35.20972641,62.20644424,0.894425374
5/27/2020 13:00,4136001,iq8k7ZNt4Mwm3w0,34.87108163,59.03612157,0.88135396
5/27/2020 13:15,4136001,iq8k7ZNt4Mwm3w0,34.89423972,58.56227693,0.871650222
5/27/2020 13:30,4136001,iq8k7ZNt4Mwm3w0,35.0906768,59.08446827,0.855688654
5/27/2020 13:45,4136001,iq8k7ZNt4Mwm3w0,35.51851879,58.4209659,0.831551915
5/27/2020 14:00,4136001,iq8k7ZNt4Mwm3w0,35.47604997,56.9033244,0.804009826
5/27/2020 14:15,4136001,iq8k7ZNt4Mwm3w0,35.65742887,57.16079907,0.770715283
5/27/2020 14:30,4136001,iq8k7ZNt4Mwm3w0,35.912321,56.77182734,0.727426556
5/27/2020 14:45,4136001,iq8k7ZNt4Mwm3w0,36.23597245,57.29486738,0.695310246
5/27/2020 15:00,4136001,iq8k7ZNt4Mwm3w0,36.5130279,55.28016838,0.645694267
5/27/2020 15:15,4136001,iq8k7ZNt4Mwm3w0,36.57019083,52.36386707,0.602622532
5/27/2020 15:30,4136001,iq8k7ZNt4Mwm3w0,36.4576975,50.0452634,0.546814183
5/27/2020 15:45,4136001,iq8k7ZNt4Mwm3w0,36.80793193,50.0163859,0.492597248
5/27/2020 16:00,4136001,iq8k7ZNt4Mwm3w0,36.71518787,48.349578,0.441205682
5/27/2020 16:15,4136001,iq8k7ZNt4Mwm3w0,36.96443077,46.67871173,0.383355916
5/27/2020 16:30,4136001,iq8k7ZNt4Mwm3w0,36.57648328,44.79131779,0.331418971
5/27/2020 16:45,4136001,iq8k7ZNt4Mwm3w0,36.5253041,42.98829643,0.277393432
5/27/2020 17:00,4136001,iq8k7ZNt4Mwm3w0,36.38729221,41.35595914,0.224757782
5/27/2020 17:15,4136001,iq8k7ZNt4Mwm3w0,36.1450072,39.7874309,0.178779822
5/27/2020 17:30,4136001,iq8k7ZNt4Mwm3w0,35.6605152,37.9601295,0.131243065
5/27/2020 17:45,4136001,iq8k7ZNt4Mwm3w0,35.27785007,36.45135283,0.098450739
5/27/2020 18:00,4136001,iq8k7ZNt4Mwm3w0,34.87930387,35.163088,0.068815211
5/27/2020 18:15,4136001,iq8k7ZNt4Mwm3w0,34.30740776,33.98722466,0.042457622
5/27/2020 18:30,4136001,iq8k7ZNt4Mwm3w0,33.31375693,32.67883613,0.017075701
5/27/2020 18:45,4136001,iq8k7ZNt4Mwm3w0,32.7395714,31.6090199,0.002776972
5/27/2020 19:00,4136001,iq8k7ZNt4Mwm3w0,32.29425028,30.93356203,0.00014953
5/27/2020 19:15,4136001,iq8k7ZNt4Mwm3w0,31.97675153,30.48778893,0
5/27/2020 19:30,4136001,iq8k7ZNt4Mwm3w0,31.72019262,30.12918628,0
5/27/2020 19:45,4136001,iq8k7ZNt4Mwm3w0,31.48298537,29.89566447,0
5/27/2020 20:00,4136001,iq8k7ZNt4Mwm3w0,31.1700011,29.66754237,0
5/27/2020 20:15,4136001,iq8k7ZNt4Mwm3w0,30.76320034,29.45844159,0
5/27/2020 20:30,4136001,iq8k7ZNt4Mwm3w0,30.48431633,29.16037697,0
5/27/2020 20:45,4136001,iq8k7ZNt4Mwm3w0,30.26717014,28.93417679,0
5/27/2020 21:00,4136001,iq8k7ZNt4Mwm3w0,29.83689053,28.6558003,0
5/27/2020 21:15,4136001,iq8k7ZNt4Mwm3w0,29.4307483,28.27520563,0
5/27/2020 21:30,4136001,iq8k7ZNt4Mwm3w0,29.02717334,27.96145617,0
5/27/2020 21:45,4136001,iq8k7ZNt4Mwm3w0,28.65424503,27.58054097,0
5/27/2020 22:00,4136001,iq8k7ZNt4Mwm3w0,28.21444183,27.12730152,0
5/27/2020 22:15,4136001,iq8k7ZNt4Mwm3w0,27.8817871,26.8362142,0
5/27/2020 22:30,4136001,iq8k7ZNt4Mwm3w0,27.65537803,26.55782267,0
5/27/2020 22:45,4136001,iq8k7ZNt4Mwm3w0,27.5458151,26.45554545,0
5/27/2020 23:00,4136001,iq8k7ZNt4Mwm3w0,27.43362763,26.3510306,0
5/27/2020 23:15,4136001,iq8k7ZNt4Mwm3w0,27.2775927,26.15223797,0
5/27/2020 23:30,4136001,iq8k7ZNt4Mwm3w0,27.15124828,26.12445276,0
5/27/2020 23:45,4136001,iq8k7ZNt4Mwm3w0,27.03150627,26.02319927,0
5/28/2020 0:00,4136001,iq8k7ZNt4Mwm3w0,26.95437821,25.9350489,0
5/28/2020 0:15,4136001,iq8k7ZNt4Mwm3w0,26.77435537,25.77206927,0
5/28/2020 0:30,4136001,iq8k7ZNt4Mwm3w0,26.6561134,25.659902,0
5/28/2020 0:45,4136001,iq8k7ZNt4Mwm3w0,26.55007828,25.49262945,0
5/28/2020 1:00,4136001,iq8k7ZNt4Mwm3w0,26.52567637,25.4652882,0
5/28/2020 1:15,4136001,iq8k7ZNt4Mwm3w0,26.47003672,25.33668045,0
5/28/2020 1:30,4136001,iq8k7ZNt4Mwm3w0,26.33213007,25.194514,0
5/28/2020 1:45,4136001,iq8k7ZNt4Mwm3w0,26.23442877,25.04035637,0
5/28/2020 2:00,4136001,iq8k7ZNt4Mwm3w0,26.130086,24.88745428,0
5/28/2020 2:15,4136001,iq8k7ZNt4Mwm3w0,26.05210987,24.72446093,0
5/28/2020 2:30,4136001,iq8k7ZNt4Mwm3w0,25.99429221,24.62203038,0
5/28/2020 2:45,4136001,iq8k7ZNt4Mwm3w0,25.82188433,24.59615867,0
5/28/2020 3:00,4136001,iq8k7ZNt4Mwm3w0,25.6450083,24.3678171,0
5/28/2020 3:15,4136001,iq8k7ZNt4Mwm3w0,25.46309141,24.14717579,0
5/28/2020 3:30,4136001,iq8k7ZNt4Mwm3w0,25.39668977,24.1620992,0
5/28/2020 3:45,4136001,iq8k7ZNt4Mwm3w0,25.32254737,24.1186655,0
5/28/2020 4:00,4136001,iq8k7ZNt4Mwm3w0,25.22778514,24.03553621,0
5/28/2020 4:15,4136001,iq8k7ZNt4Mwm3w0,25.1873179,23.98497623,0
5/28/2020 4:30,4136001,iq8k7ZNt4Mwm3w0,25.09606628,23.83145459,0
5/28/2020 4:45,4136001,iq8k7ZNt4Mwm3w0,25.06614997,23.70861533,0
5/28/2020 5:00,4136001,iq8k7ZNt4Mwm3w0,24.95790203,23.6192252,0
5/28/2020 5:15,4136001,iq8k7ZNt4Mwm3w0,24.82454276,23.39458914,0
5/28/2020 5:30,4136001,iq8k7ZNt4Mwm3w0,24.7337981,23.3999888,0
5/28/2020 5:45,4136001,iq8k7ZNt4Mwm3w0,24.62594152,23.330337,0.000751896
5/28/2020 6:00,4136001,iq8k7ZNt4Mwm3w0,24.53575763,23.2203025,0.011398968
5/28/2020 6:15,4136001,iq8k7ZNt4Mwm3w0,24.44475517,23.26247773,0.027511919
5/28/2020 6:30,4136001,iq8k7ZNt4Mwm3w0,24.53478914,23.76957234,0.05022048
5/28/2020 6:45,4136001,iq8k7ZNt4Mwm3w0,24.8505604,24.95282893,0.084506732
5/28/2020 7:00,4136001,iq8k7ZNt4Mwm3w0,25.18390845,26.43545731,0.12363721
5/28/2020 7:15,4136001,iq8k7ZNt4Mwm3w0,25.47824687,27.74035557,0.193354748
5/28/2020 7:30,4136001,iq8k7ZNt4Mwm3w0,26.05972793,30.89015303,0.313093432
5/28/2020 7:45,4136001,iq8k7ZNt4Mwm3w0,26.61136383,33.25964879,0.373676033
5/28/2020 8:00,4136001,iq8k7ZNt4Mwm3w0,27.2177164,35.41308373,0.42163303
5/28/2020 8:15,4136001,iq8k7ZNt4Mwm3w0,27.69436955,36.99113928,0.463043165
5/28/2020 8:30,4136001,iq8k7ZNt4Mwm3w0,27.86624953,38.4099224,0.514462931
5/28/2020 8:45,4136001,iq8k7ZNt4Mwm3w0,28.35388803,40.10097537,0.576730907
5/28/2020 9:00,4136001,iq8k7ZNt4Mwm3w0,28.81777959,42.3561539,0.635301054
5/28/2020 9:15,4136001,iq8k7ZNt4Mwm3w0,29.13839217,43.75847273,0.689092685
5/28/2020 9:30,4136001,iq8k7ZNt4Mwm3w0,29.81225686,45.42635169,0.730358551
5/28/2020 9:45,4136001,iq8k7ZNt4Mwm3w0,29.88314707,47.08923637,0.795470549
5/28/2020 10:00,4136001,iq8k7ZNt4Mwm3w0,30.26816117,48.52745114,0.819059553
5/28/2020 10:15,4136001,iq8k7ZNt4Mwm3w0,30.91608063,50.25051287,0.850274406
5/28/2020 10:30,4136001,iq8k7ZNt4Mwm3w0,31.428188,51.57808333,0.892855065
5/28/2020 10:45,4136001,iq8k7ZNt4Mwm3w0,31.86766603,53.97435779,0.944926686
5/28/2020 11:00,4136001,iq8k7ZNt4Mwm3w0,32.25000293,54.97252803,0.950091591
5/28/2020 11:15,4136001,iq8k7ZNt4Mwm3w0,32.65010024,55.23991583,0.929538621
5/28/2020 11:30,4136001,iq8k7ZNt4Mwm3w0,33.2425792,55.32797343,0.939563063
5/28/2020 11:45,4136001,iq8k7ZNt4Mwm3w0,33.30460927,55.9405558,0.937420599
5/28/2020 12:00,4136001,iq8k7ZNt4Mwm3w0,33.82084693,57.21688717,0.932594407
5/28/2020 12:15,4136001,iq8k7ZNt4Mwm3w0,33.9215713,54.12072937,0.920877508
5/28/2020 12:30,4136001,iq8k7ZNt4Mwm3w0,34.53751566,56.04204586,0.916431846
5/28/2020 12:45,4136001,iq8k7ZNt4Mwm3w0,34.8263913,56.65080977,0.91123553
5/28/2020 13:00,4136001,iq8k7ZNt4Mwm3w0,34.80347783,55.04329913,0.908015837
5/28/2020 13:15,4136001,iq8k7ZNt4Mwm3w0,35.44179666,56.94153217,0.866195973
5/28/2020 13:30,4136001,iq8k7ZNt4Mwm3w0,35.42169007,57.17137453,0.873167404
5/28/2020 13:45,4136001,iq8k7ZNt4Mwm3w0,35.62051266,58.288988,0.849437732
5/28/2020 14:00,4136001,iq8k7ZNt4Mwm3w0,35.9137401,55.18969333,0.825664062
5/28/2020 14:15,4136001,iq8k7ZNt4Mwm3w0,35.9397258,54.24400853,0.792924378
5/28/2020 14:30,4136001,iq8k7ZNt4Mwm3w0,36.14210455,53.37273834,0.756161511
5/28/2020 14:45,4136001,iq8k7ZNt4Mwm3w0,36.3551135,52.1683867,0.716642392
5/28/2020 15:00,4136001,iq8k7ZNt4Mwm3w0,36.45796252,52.28409659,0.678660647
5/28/2020 15:15,4136001,iq8k7ZNt4Mwm3w0,36.6095683,52.3413033,0.634010436
5/28/2020 15:30,4136001,iq8k7ZNt4Mwm3w0,36.39649043,49.66829197,0.576724034
5/28/2020 15:45,4136001,iq8k7ZNt4Mwm3w0,36.59087493,49.00247848,0.518157525
5/28/2020 16:00,4136001,iq8k7ZNt4Mwm3w0,36.38811347,46.9134878,0.451624783
5/28/2020 16:15,4136001,iq8k7ZNt4Mwm3w0,36.44566717,45.08533997,0.389345139
5/28/2020 16:30,4136001,iq8k7ZNt4Mwm3w0,36.2960407,43.55533243,0.331141966
5/28/2020 16:45,4136001,iq8k7ZNt4Mwm3w0,36.0796324,41.75067123,0.246054772
5/28/2020 17:00,4136001,iq8k7ZNt4Mwm3w0,36.11797693,40.40012638,0.224934829
5/28/2020 17:15,4136001,iq8k7ZNt4Mwm3w0,35.92730936,39.34080711,0.181626137
5/28/2020 17:30,4136001,iq8k7ZNt4Mwm3w0,35.61566614,37.97406434,0.13797016
5/28/2020 17:45,4136001,iq8k7ZNt4Mwm3w0,35.35306793,36.5165201,0.100700215
5/28/2020 18:00,4136001,iq8k7ZNt4Mwm3w0,34.860907,35.0129935,0.067179031
5/28/2020 18:15,4136001,iq8k7ZNt4Mwm3w0,34.39315472,33.77010366,0.040768902
5/28/2020 18:30,4136001,iq8k7ZNt4Mwm3w0,33.8634244,32.70471503,0.017670196
5/28/2020 18:45,4136001,iq8k7ZNt4Mwm3w0,33.30391831,31.74415738,0.003086989
5/28/2020 19:00,4136001,iq8k7ZNt4Mwm3w0,32.8561095,31.14524027,4.86E-05
5/28/2020 19:15,4136001,iq8k7ZNt4Mwm3w0,32.49849143,30.71850893,0
5/28/2020 19:30,4136001,iq8k7ZNt4Mwm3w0,32.20801507,30.300052,0
5/28/2020 19:45,4136001,iq8k7ZNt4Mwm3w0,31.99126903,30.08072627,0
5/28/2020 20:00,4136001,iq8k7ZNt4Mwm3w0,31.82494914,30.07399048,0
5/28/2020 20:15,4136001,iq8k7ZNt4Mwm3w0,31.52625613,29.97868233,0
5/28/2020 20:30,4136001,iq8k7ZNt4Mwm3w0,30.8956166,29.62035007,0
5/28/2020 20:45,4136001,iq8k7ZNt4Mwm3w0,30.47342686,29.36722852,0
5/28/2020 21:00,4136001,iq8k7ZNt4Mwm3w0,30.1159434,28.95356143,0
5/28/2020 21:15,4136001,iq8k7ZNt4Mwm3w0,29.71401663,28.57717971,0
5/28/2020 21:30,4136001,iq8k7ZNt4Mwm3w0,29.253362,28.1844453,0
5/28/2020 21:45,4136001,iq8k7ZNt4Mwm3w0,28.9267051,27.7887719,0
5/28/2020 22:00,4136001,iq8k7ZNt4Mwm3w0,28.64024147,27.47893367,0
5/28/2020 22:15,4136001,iq8k7ZNt4Mwm3w0,28.32910977,27.1190949,0
5/28/2020 22:30,4136001,iq8k7ZNt4Mwm3w0,28.08127772,26.83140824,0
5/28/2020 22:45,4136001,iq8k7ZNt4Mwm3w0,27.77299487,26.5347148,0
5/28/2020 23:00,4136001,iq8k7ZNt4Mwm3w0,27.59085897,26.3175829,0
5/28/2020 23:15,4136001,iq8k7ZNt4Mwm3w0,27.44111243,26.10953557,0
5/28/2020 23:30,4136001,iq8k7ZNt4Mwm3w0,27.3101562,25.97653577,0
5/28/2020 23:45,4136001,iq8k7ZNt4Mwm3w0,27.13860438,25.85108152,0
5/29/2020 0:00,4136001,iq8k7ZNt4Mwm3w0,26.99076313,25.72206513,0
5/29/2020 0:15,4136001,iq8k7ZNt4Mwm3w0,26.80260293,25.37418441,0
5/29/2020 0:30,4136001,iq8k7ZNt4Mwm3w0,26.68132143,25.32328777,0
5/29/2020 0:45,4136001,iq8k7ZNt4Mwm3w0,26.4969411,25.2111663,0
5/29/2020 1:00,4136001,iq8k7ZNt4Mwm3w0,26.38262417,24.97210379,0
5/29/2020 1:15,4136001,iq8k7ZNt4Mwm3w0,26.30350463,24.84053763,0
5/29/2020 1:30,4136001,iq8k7ZNt4Mwm3w0,26.2250688,24.94512823,0
5/29/2020 1:45,4136001,iq8k7ZNt4Mwm3w0,26.09745107,24.80271238,0
5/29/2020 2:00,4136001,iq8k7ZNt4Mwm3w0,25.9551433,24.5328807,0
5/29/2020 2:15,4136001,iq8k7ZNt4Mwm3w0,25.83397503,24.3648649,0
5/29/2020 2:30,4136001,iq8k7ZNt4Mwm3w0,25.68029873,24.18800257,0
5/29/2020 2:45,4136001,iq8k7ZNt4Mwm3w0,25.56937137,24.0352417,0
5/29/2020 3:00,4136001,iq8k7ZNt4Mwm3w0,25.465695,24.06939603,0
5/29/2020 3:15,4136001,iq8k7ZNt4Mwm3w0,25.3758593,24.17657473,0
5/29/2020 3:30,4136001,iq8k7ZNt4Mwm3w0,25.32109214,24.17932855,0
5/29/2020 3:45,4136001,iq8k7ZNt4Mwm3w0,25.33472477,24.2521799,0
5/29/2020 4:00,4136001,iq8k7ZNt4Mwm3w0,25.3367522,24.25311673,0
5/29/2020 4:15,4136001,iq8k7ZNt4Mwm3w0,25.28385345,24.24546552,0
5/29/2020 4:30,4136001,iq8k7ZNt4Mwm3w0,25.23638797,24.3584523,0
5/29/2020 4:45,4136001,iq8k7ZNt4Mwm3w0,25.27124972,24.65282059,0
5/29/2020 5:00,4136001,iq8k7ZNt4Mwm3w0,25.22677807,24.49097597,0
5/29/2020 5:15,4136001,iq8k7ZNt4Mwm3w0,24.96455787,23.72793377,0
5/29/2020 5:30,4136001,iq8k7ZNt4Mwm3w0,24.76708234,23.24329238,0
5/29/2020 5:45,4136001,iq8k7ZNt4Mwm3w0,24.6199484,23.00487673,0.000939225
5/29/2020 6:00,4136001,iq8k7ZNt4Mwm3w0,24.48275841,23.04052841,0.016158971
5/29/2020 6:15,4136001,iq8k7ZNt4Mwm3w0,24.55770973,23.65191147,0.044439674
5/29/2020 6:30,4136001,iq8k7ZNt4Mwm3w0,24.8921762,24.82479857,0.07050336
5/29/2020 6:45,4136001,iq8k7ZNt4Mwm3w0,25.17763659,25.74983993,0.087852315
5/29/2020 7:00,4136001,iq8k7ZNt4Mwm3w0,25.37383093,26.47309787,0.099394129
5/29/2020 7:15,4136001,iq8k7ZNt4Mwm3w0,25.45778041,26.79994569,0.112099771
5/29/2020 7:30,4136001,iq8k7ZNt4Mwm3w0,25.65482773,27.55290517,0.149293927
5/29/2020 7:45,4136001,iq8k7ZNt4Mwm3w0,25.90209655,28.66828652,0.178058468
5/29/2020 8:00,4136001,iq8k7ZNt4Mwm3w0,26.17342827,29.33909613,0.218879112
5/29/2020 8:15,4136001,iq8k7ZNt4Mwm3w0,26.85397321,32.28829976,0.376829811
5/29/2020 8:30,4136001,iq8k7ZNt4Mwm3w0,27.77382087,36.70464677,0.517610407
5/29/2020 8:45,4136001,iq8k7ZNt4Mwm3w0,28.27138257,39.7596405,0.617940133
5/29/2020 9:00,4136001,iq8k7ZNt4Mwm3w0,28.46398817,41.57562145,0.706426978
5/29/2020 9:15,4136001,iq8k7ZNt4Mwm3w0,29.08187057,44.60174057,0.79107714
5/29/2020 9:30,4136001,iq8k7ZNt4Mwm3w0,29.04403169,45.56511928,0.786088469
5/29/2020 9:45,4136001,iq8k7ZNt4Mwm3w0,29.6259183,46.88868113,0.775009372
5/29/2020 10:00,4136001,iq8k7ZNt4Mwm3w0,29.8657541,46.87890162,0.74754883
5/29/2020 10:15,4136001,iq8k7ZNt4Mwm3w0,29.9178681,45.6847199,0.713523694
5/29/2020 10:30,4136001,iq8k7ZNt4Mwm3w0,30.44296473,47.2638366,0.707507734
5/29/2020 10:45,4136001,iq8k7ZNt4Mwm3w0,30.79340331,47.35266403,0.70674245
5/29/2020 11:00,4136001,iq8k7ZNt4Mwm3w0,31.1520284,47.61166263,0.713380371
5/29/2020 11:15,4136001,iq8k7ZNt4Mwm3w0,31.57071134,48.41205859,0.773338659
5/29/2020 11:30,4136001,iq8k7ZNt4Mwm3w0,31.9604165,49.44556587,0.74848196
5/29/2020 11:45,4136001,iq8k7ZNt4Mwm3w0,32.55079383,52.04806738,0.819605863
5/29/2020 12:00,4136001,iq8k7ZNt4Mwm3w0,33.23828617,53.1420321,0.76734535
5/29/2020 12:15,4136001,iq8k7ZNt4Mwm3w0,33.3509818,52.71200683,0.765834526
5/29/2020 12:30,4136001,iq8k7ZNt4Mwm3w0,33.44480624,51.32947097,0.68260721
5/29/2020 12:45,4136001,iq8k7ZNt4Mwm3w0,33.5356863,49.74276827,0.642375878
5/29/2020 13:00,4136001,iq8k7ZNt4Mwm3w0,34.05683745,50.49809034,0.629697958
5/29/2020 13:15,4136001,iq8k7ZNt4Mwm3w0,34.39466233,50.2685629,0.60841453
5/29/2020 13:30,4136001,iq8k7ZNt4Mwm3w0,34.22270603,48.89063117,0.567455223
5/29/2020 13:45,4136001,iq8k7ZNt4Mwm3w0,34.6315206,47.54902343,0.570488084
5/29/2020 14:00,4136001,iq8k7ZNt4Mwm3w0,34.91430987,48.02034717,0.595284514
5/29/2020 14:15,4136001,iq8k7ZNt4Mwm3w0,35.13401652,48.17732938,0.566209544
5/29/2020 14:30,4136001,iq8k7ZNt4Mwm3w0,35.50521643,49.7864919,0.563454652
5/29/2020 14:45,4136001,iq8k7ZNt4Mwm3w0,35.61054517,48.4697771,0.519047462
5/29/2020 15:00,4136001,iq8k7ZNt4Mwm3w0,35.6354278,46.97482507,0.513567142
5/29/2020 15:15,4136001,iq8k7ZNt4Mwm3w0,36.10386877,48.93551657,0.59432702
5/29/2020 15:30,4136001,iq8k7ZNt4Mwm3w0,36.55113176,51.36411586,0.569787056
5/29/2020 15:45,4136001,iq8k7ZNt4Mwm3w0,36.7161321,50.76182421,0.542997435
5/29/2020 16:15,4136001,iq8k7ZNt4Mwm3w0,37.22775545,49.11258877,0.447285682
5/29/2020 16:30,4136001,iq8k7ZNt4Mwm3w0,37.40676462,48.70540241,0.399527259
5/29/2020 16:45,4136001,iq8k7ZNt4Mwm3w0,37.3985575,47.04768987,0.345932954
5/29/2020 17:00,4136001,iq8k7ZNt4Mwm3w0,37.25479141,44.60627572,0.274623758
5/29/2020 17:15,4136001,iq8k7ZNt4Mwm3w0,37.10092477,42.44847923,0.218287214
5/29/2020 17:30,4136001,iq8k7ZNt4Mwm3w0,36.82863759,40.35584441,0.161615847
5/29/2020 17:45,4136001,iq8k7ZNt4Mwm3w0,36.5074798,38.23906853,0.110907141
5/29/2020 18:00,4136001,iq8k7ZNt4Mwm3w0,35.97014443,36.18240557,0.06572768
5/29/2020 18:15,4136001,iq8k7ZNt4Mwm3w0,35.3191781,34.34450783,0.024655427
5/29/2020 18:30,4136001,iq8k7ZNt4Mwm3w0,34.86204663,33.1042307,0.010639097
5/29/2020 18:45,4136001,iq8k7ZNt4Mwm3w0,34.23550617,32.04101141,0.000382394
5/29/2020 19:00,4136001,iq8k7ZNt4Mwm3w0,33.905495,31.55852057,0
5/29/2020 19:15,4136001,iq8k7ZNt4Mwm3w0,33.65081272,31.39180255,0
5/29/2020 19:30,4136001,iq8k7ZNt4Mwm3w0,33.35302727,31.1845427,0
5/29/2020 19:45,4136001,iq8k7ZNt4Mwm3w0,32.9244531,30.91584524,0
5/29/2020 20:00,4136001,iq8k7ZNt4Mwm3w0,32.6156241,30.89566357,0
5/29/2020 20:15,4136001,iq8k7ZNt4Mwm3w0,32.25608534,30.54698124,0
5/29/2020 20:30,4136001,iq8k7ZNt4Mwm3w0,31.8898397,30.27932727,0
5/29/2020 20:45,4136001,iq8k7ZNt4Mwm3w0,31.23428543,29.93442583,0
5/29/2020 21:00,4136001,iq8k7ZNt4Mwm3w0,30.58579552,29.47653297,0
5/29/2020 21:15,4136001,iq8k7ZNt4Mwm3w0,30.05503843,28.95692857,0
5/29/2020 21:30,4136001,iq8k7ZNt4Mwm3w0,29.67125814,28.56394379,0
5/29/2020 21:45,4136001,iq8k7ZNt4Mwm3w0,29.29906317,28.2344615,0
5/29/2020 22:00,4136001,iq8k7ZNt4Mwm3w0,28.879126,27.7751342,0
5/29/2020 22:15,4136001,iq8k7ZNt4Mwm3w0,28.59575683,27.47134503,0
5/29/2020 22:30,4136001,iq8k7ZNt4Mwm3w0,28.2120383,27.1393596,0
5/29/2020 22:45,4136001,iq8k7ZNt4Mwm3w0,27.93107883,26.77374576,0
5/29/2020 23:00,4136001,iq8k7ZNt4Mwm3w0,27.7502787,26.60153193,0
5/29/2020 23:15,4136001,iq8k7ZNt4Mwm3w0,27.6048168,26.34486303,0
5/29/2020 23:30,4136001,iq8k7ZNt4Mwm3w0,27.42548259,26.05579141,0
5/29/2020 23:45,4136001,iq8k7ZNt4Mwm3w0,27.23922823,25.90713287,0
5/30/2020 0:00,4136001,iq8k7ZNt4Mwm3w0,27.09909041,25.72224062,0
5/30/2020 0:15,4136001,iq8k7ZNt4Mwm3w0,26.99972527,25.630884,0
5/30/2020 0:30,4136001,iq8k7ZNt4Mwm3w0,26.9552894,25.73499137,0
5/30/2020 0:45,4136001,iq8k7ZNt4Mwm3w0,27.07326834,26.24371324,0
5/30/2020 1:00,4136001,iq8k7ZNt4Mwm3w0,26.92997463,26.3968119,0
5/30/2020 1:15,4136001,iq8k7ZNt4Mwm3w0,26.0799941,25.75550366,0
5/30/2020 1:30,4136001,iq8k7ZNt4Mwm3w0,24.7098185,24.30386757,0
5/30/2020 1:45,4136001,iq8k7ZNt4Mwm3w0,24.5050355,23.77980353,0
5/30/2020 2:00,4136001,iq8k7ZNt4Mwm3w0,24.03427652,23.42010079,0
5/30/2020 2:15,4136001,iq8k7ZNt4Mwm3w0,23.56101483,23.01475117,0
5/30/2020 2:30,4136001,iq8k7ZNt4Mwm3w0,23.44592421,22.82608776,0
5/30/2020 2:45,4136001,iq8k7ZNt4Mwm3w0,23.5901693,23.0910421,0
5/30/2020 3:00,4136001,iq8k7ZNt4Mwm3w0,23.70753759,23.25674562,0
5/30/2020 3:15,4136001,iq8k7ZNt4Mwm3w0,23.60865073,22.96135867,0
5/30/2020 3:30,4136001,iq8k7ZNt4Mwm3w0,23.66515603,22.8551992,0
5/30/2020 3:45,4136001,iq8k7ZNt4Mwm3w0,23.86125834,22.988277,0
5/30/2020 4:00,4136001,iq8k7ZNt4Mwm3w0,24.001286,22.8848074,0
5/30/2020 4:15,4136001,iq8k7ZNt4Mwm3w0,23.8737496,22.91910083,0
5/30/2020 4:30,4136001,iq8k7ZNt4Mwm3w0,23.77371948,22.59231772,0
5/30/2020 4:45,4136001,iq8k7ZNt4Mwm3w0,23.83806323,22.52773233,0
5/30/2020 5:00,4136001,iq8k7ZNt4Mwm3w0,23.98096445,22.81969466,0
5/30/2020 5:15,4136001,iq8k7ZNt4Mwm3w0,23.8346821,22.31835947,0
5/30/2020 5:30,4136001,iq8k7ZNt4Mwm3w0,23.58334133,21.981009,0
5/30/2020 5:45,4136001,iq8k7ZNt4Mwm3w0,23.67274648,22.420285,0.000450095
5/30/2020 6:00,4136001,iq8k7ZNt4Mwm3w0,23.99907927,22.9003174,0.007324903
5/30/2020 6:15,4136001,iq8k7ZNt4Mwm3w0,24.3175471,23.53191938,0.015087459
5/30/2020 6:30,4136001,iq8k7ZNt4Mwm3w0,24.36936663,23.94512227,0.017809343
5/30/2020 6:45,4136001,iq8k7ZNt4Mwm3w0,24.441856,24.4568105,0.035717042
5/30/2020 7:00,4136001,iq8k7ZNt4Mwm3w0,25.03589276,25.97868603,0.098507938
5/30/2020 7:15,4136001,iq8k7ZNt4Mwm3w0,25.66914373,27.29350993,0.111450944
5/30/2020 7:30,4136001,iq8k7ZNt4Mwm3w0,26.01415507,27.83241828,0.103965701
5/30/2020 7:45,4136001,iq8k7ZNt4Mwm3w0,26.21130173,27.5272562,0.139215057
5/30/2020 8:00,4136001,iq8k7ZNt4Mwm3w0,27.11777547,30.8955617,0.266989967
5/30/2020 8:15,4136001,iq8k7ZNt4Mwm3w0,26.78126466,30.04073576,0.207907202
5/30/2020 8:30,4136001,iq8k7ZNt4Mwm3w0,26.109615,28.20809937,0.148277224
5/30/2020 8:45,4136001,iq8k7ZNt4Mwm3w0,25.78837334,28.67411959,0.215449385
5/30/2020 9:00,4136001,iq8k7ZNt4Mwm3w0,26.10651663,31.08028253,0.323686167
5/30/2020 9:15,4136001,iq8k7ZNt4Mwm3w0,26.51990469,31.45643559,0.318007309
5/30/2020 9:30,4136001,iq8k7ZNt4Mwm3w0,26.94084357,32.851707,0.386178123
5/30/2020 9:45,4136001,iq8k7ZNt4Mwm3w0,27.54807217,35.87183747,0.594228322
5/30/2020 10:00,4136001,iq8k7ZNt4Mwm3w0,27.91050141,37.94116517,0.569181912
5/30/2020 10:15,4136001,iq8k7ZNt4Mwm3w0,28.47678217,38.0192168,0.5079887
5/30/2020 10:30,4136001,iq8k7ZNt4Mwm3w0,29.42414586,41.10708093,0.707621403
5/30/2020 10:45,4136001,iq8k7ZNt4Mwm3w0,30.91373997,49.5210243,0.936956471
5/30/2020 11:00,4136001,iq8k7ZNt4Mwm3w0,31.27809847,47.35640383,0.762516444
5/30/2020 11:15,4136001,iq8k7ZNt4Mwm3w0,31.90578917,51.04826314,0.987074708
5/30/2020 11:30,4136001,iq8k7ZNt4Mwm3w0,32.40038547,51.64018857,0.832805174
5/30/2020 11:45,4136001,iq8k7ZNt4Mwm3w0,32.96299803,54.69868941,1.035970958
5/30/2020 12:00,4136001,iq8k7ZNt4Mwm3w0,33.1640217,50.69174597,0.617782115
5/30/2020 12:15,4136001,iq8k7ZNt4Mwm3w0,33.14692303,47.62712613,0.696532906
5/30/2020 12:30,4136001,iq8k7ZNt4Mwm3w0,34.25551093,56.78703055,0.996041441
5/30/2020 12:45,4136001,iq8k7ZNt4Mwm3w0,34.49277953,57.07707833,0.884460836
5/30/2020 13:00,4136001,iq8k7ZNt4Mwm3w0,35.01506745,54.85168559,0.843806029
5/30/2020 13:15,4136001,iq8k7ZNt4Mwm3w0,35.57238653,57.65958873,0.940939785
5/30/2020 13:30,4136001,iq8k7ZNt4Mwm3w0,35.86465057,56.2409188,0.816705362
5/30/2020 13:45,4136001,iq8k7ZNt4Mwm3w0,36.1708289,55.44899666,0.850087966
5/30/2020 14:00,4136001,iq8k7ZNt4Mwm3w0,35.8791038,52.71295663,0.824260238
5/30/2020 14:15,4136001,iq8k7ZNt4Mwm3w0,35.94459366,51.34990072,0.793431749
5/30/2020 14:30,4136001,iq8k7ZNt4Mwm3w0,36.02564887,50.6785972,0.750487718
5/30/2020 14:45,4136001,iq8k7ZNt4Mwm3w0,36.46223938,49.67382807,0.726689983
5/30/2020 15:00,4136001,iq8k7ZNt4Mwm3w0,37.03829123,49.66475023,0.680835931
5/30/2020 15:15,4136001,iq8k7ZNt4Mwm3w0,37.428121,49.05892453,0.624310381
5/30/2020 15:30,4136001,iq8k7ZNt4Mwm3w0,36.87117152,48.76117779,0.575535861
5/30/2020 15:45,4136001,iq8k7ZNt4Mwm3w0,36.61823533,46.94166667,0.523608718
5/30/2020 16:00,4136001,iq8k7ZNt4Mwm3w0,36.55245014,45.959262,0.469285817
5/30/2020 16:15,4136001,iq8k7ZNt4Mwm3w0,36.42646713,43.91818623,0.414862373
5/30/2020 16:30,4136001,iq8k7ZNt4Mwm3w0,36.28947669,42.77483834,0.361531561
5/30/2020 16:45,4136001,iq8k7ZNt4Mwm3w0,36.38166093,41.71702763,0.312633667
5/30/2020 17:00,4136001,iq8k7ZNt4Mwm3w0,35.91564847,40.48759877,0.252565094
5/30/2020 17:15,4136001,iq8k7ZNt4Mwm3w0,35.4548991,38.62065176,0.201141505
5/30/2020 17:30,4136001,iq8k7ZNt4Mwm3w0,35.16447004,37.38918961,0.15282241
5/30/2020 17:45,4136001,iq8k7ZNt4Mwm3w0,34.80660793,35.95724386,0.098798789
5/30/2020 18:00,4136001,iq8k7ZNt4Mwm3w0,34.11661997,34.2345908,0.048949316
5/30/2020 18:15,4136001,iq8k7ZNt4Mwm3w0,33.77022917,33.27685845,0.027561762
5/30/2020 18:30,4136001,iq8k7ZNt4Mwm3w0,33.38554473,32.382025,0.010400447
5/30/2020 18:45,4136001,iq8k7ZNt4Mwm3w0,32.99551386,31.72131555,0.000559735
5/30/2020 19:00,4136001,iq8k7ZNt4Mwm3w0,32.82365317,31.5642404,0
5/30/2020 19:15,4136001,iq8k7ZNt4Mwm3w0,32.6472841,31.33284772,0
5/30/2020 19:30,4136001,iq8k7ZNt4Mwm3w0,32.1994953,30.37528073,0
5/30/2020 19:45,4136001,iq8k7ZNt4Mwm3w0,31.74300303,29.32339283,0
5/30/2020 20:00,4136001,iq8k7ZNt4Mwm3w0,30.8895559,28.18157963,0
5/30/2020 20:15,4136001,iq8k7ZNt4Mwm3w0,29.99999259,27.57739359,0
5/30/2020 20:30,4136001,iq8k7ZNt4Mwm3w0,30.71953423,27.718881,0
5/30/2020 20:45,4136001,iq8k7ZNt4Mwm3w0,30.1452219,27.41091097,0
5/30/2020 21:00,4136001,iq8k7ZNt4Mwm3w0,30.08647,27.06178028,0
5/30/2020 21:15,4136001,iq8k7ZNt4Mwm3w0,29.66237893,26.67117817,0
5/30/2020 21:30,4136001,iq8k7ZNt4Mwm3w0,29.7860131,26.178995,0
5/30/2020 21:45,4136001,iq8k7ZNt4Mwm3w0,29.67955723,25.69806613,0
5/30/2020 22:00,4136001,iq8k7ZNt4Mwm3w0,29.0949584,25.20096027,0
5/30/2020 22:15,4136001,iq8k7ZNt4Mwm3w0,28.56617262,24.98861062,0
5/30/2020 22:30,4136001,iq8k7ZNt4Mwm3w0,28.68213183,25.62156167,0
5/30/2020 22:45,4136001,iq8k7ZNt4Mwm3w0,28.51637438,25.83299317,0
5/30/2020 23:00,4136001,iq8k7ZNt4Mwm3w0,28.16349693,25.64810987,0
5/30/2020 23:15,4136001,iq8k7ZNt4Mwm3w0,27.89965086,25.2630161,0
5/30/2020 23:30,4136001,iq8k7ZNt4Mwm3w0,27.79888697,25.04084273,0
5/30/2020 23:45,4136001,iq8k7ZNt4Mwm3w0,27.73147263,24.8947764,0
5/31/2020 0:00,4136001,iq8k7ZNt4Mwm3w0,27.24008917,24.32618866,0
5/31/2020 0:15,4136001,iq8k7ZNt4Mwm3w0,27.18077793,24.19800923,0
5/31/2020 0:30,4136001,iq8k7ZNt4Mwm3w0,27.63067831,24.35425634,0
5/31/2020 0:45,4136001,iq8k7ZNt4Mwm3w0,27.532306,24.118866,0
5/31/2020 1:00,4136001,iq8k7ZNt4Mwm3w0,27.24455037,24.19866943,0
5/31/2020 1:15,4136001,iq8k7ZNt4Mwm3w0,27.00920259,24.19934714,0
5/31/2020 1:30,4136001,iq8k7ZNt4Mwm3w0,27.1972972,24.45462747,0
5/31/2020 1:45,4136001,iq8k7ZNt4Mwm3w0,27.05856948,24.34783824,0
5/31/2020 2:00,4136001,iq8k7ZNt4Mwm3w0,26.79857397,24.09575603,0
5/31/2020 2:15,4136001,iq8k7ZNt4Mwm3w0,26.52650079,23.98469814,0
5/31/2020 2:30,4136001,iq8k7ZNt4Mwm3w0,26.08521223,23.59523427,0
5/31/2020 2:45,4136001,iq8k7ZNt4Mwm3w0,26.0133809,23.49940187,0
5/31/2020 3:00,4136001,iq8k7ZNt4Mwm3w0,25.99326728,23.68573641,0
5/31/2020 3:15,4136001,iq8k7ZNt4Mwm3w0,26.08363967,23.895572,0
5/31/2020 3:30,4136001,iq8k7ZNt4Mwm3w0,26.01352666,24.03578572,0
5/31/2020 3:45,4136001,iq8k7ZNt4Mwm3w0,25.88506597,23.8843424,0
5/31/2020 4:00,4136001,iq8k7ZNt4Mwm3w0,25.60164677,23.5670493,0
5/31/2020 4:15,4136001,iq8k7ZNt4Mwm3w0,25.31772062,23.21429131,0
5/31/2020 4:30,4136001,iq8k7ZNt4Mwm3w0,25.16965643,23.08161413,0
5/31/2020 4:45,4136001,iq8k7ZNt4Mwm3w0,25.62254059,23.55671224,0
5/31/2020 5:00,4136001,iq8k7ZNt4Mwm3w0,25.85061973,24.0697113,0
5/31/2020 5:15,4136001,iq8k7ZNt4Mwm3w0,25.9463061,24.67459317,0
5/31/2020 5:30,4136001,iq8k7ZNt4Mwm3w0,26.21267683,25.18475855,0.000169437
5/31/2020 5:45,4136001,iq8k7ZNt4Mwm3w0,26.25050233,25.32560307,0.002176576
5/31/2020 6:00,4136001,iq8k7ZNt4Mwm3w0,26.29377486,25.3548289,0.015424886
5/31/2020 6:15,4136001,iq8k7ZNt4Mwm3w0,26.47503153,25.98855487,0.041041059
5/31/2020 6:30,4136001,iq8k7ZNt4Mwm3w0,26.623247,27.16557469,0.071178696
5/31/2020 6:45,4136001,iq8k7ZNt4Mwm3w0,26.87663773,28.5874726,0.095333249
5/31/2020 7:00,4136001,iq8k7ZNt4Mwm3w0,27.10627937,29.49313663,0.094353448
5/31/2020 7:15,4136001,iq8k7ZNt4Mwm3w0,27.14684634,29.54309483,0.083895016
5/31/2020 7:30,4136001,iq8k7ZNt4Mwm3w0,27.3117461,29.5635041,0.090308721
5/31/2020 7:45,4136001,iq8k7ZNt4Mwm3w0,27.3839691,29.67915286,0.111024658
5/31/2020 8:00,4136001,iq8k7ZNt4Mwm3w0,27.74403267,31.2404135,0.178792757
5/31/2020 8:15,4136001,iq8k7ZNt4Mwm3w0,28.15140893,33.57564997,0.301327223
5/31/2020 8:30,4136001,iq8k7ZNt4Mwm3w0,28.85903086,38.49397014,0.382741382
5/31/2020 8:45,4136001,iq8k7ZNt4Mwm3w0,28.90879207,37.4325848,0.289327193
5/31/2020 9:00,4136001,iq8k7ZNt4Mwm3w0,29.23003621,37.51293514,0.293544414
5/31/2020 9:15,4136001,iq8k7ZNt4Mwm3w0,29.5595477,39.40730687,0.441736804
5/31/2020 9:30,4136001,iq8k7ZNt4Mwm3w0,30.56817534,47.62321131,0.758123673
5/31/2020 9:45,4136001,iq8k7ZNt4Mwm3w0,31.15683797,51.43617453,0.604000403
5/31/2020 10:00,4136001,iq8k7ZNt4Mwm3w0,31.05239957,45.03242687,0.451743708
5/31/2020 10:15,4136001,iq8k7ZNt4Mwm3w0,31.72263421,47.42456683,0.612665969
5/31/2020 10:30,4136001,iq8k7ZNt4Mwm3w0,32.27156283,50.19941723,0.715868756
5/31/2020 10:45,4136001,iq8k7ZNt4Mwm3w0,33.31406297,57.16649145,0.745796127
5/31/2020 11:00,4136001,iq8k7ZNt4Mwm3w0,32.96100907,51.62610167,0.480823775
5/31/2020 11:15,4136001,iq8k7ZNt4Mwm3w0,33.08877038,51.79495462,0.703024923
5/31/2020 11:30,4136001,iq8k7ZNt4Mwm3w0,33.53304183,54.25535463,0.732843953
5/31/2020 11:45,4136001,iq8k7ZNt4Mwm3w0,33.54327724,50.77153676,0.450505672
5/31/2020 12:00,4136001,iq8k7ZNt4Mwm3w0,33.6751384,55.0491689,0.813154215
5/31/2020 12:15,4136001,iq8k7ZNt4Mwm3w0,34.73891907,60.8330992,0.899809725
5/31/2020 12:30,4136001,iq8k7ZNt4Mwm3w0,34.0765339,52.36313072,0.319459353
5/31/2020 12:45,4136001,iq8k7ZNt4Mwm3w0,34.7485821,54.4561301,0.860170252
5/31/2020 13:00,4136001,iq8k7ZNt4Mwm3w0,35.27265241,61.08201007,0.863276012
5/31/2020 13:15,4136001,iq8k7ZNt4Mwm3w0,35.98741463,64.1427207,0.960393986
5/31/2020 13:30,4136001,iq8k7ZNt4Mwm3w0,35.82564269,63.02653303,0.837395708
5/31/2020 13:45,4136001,iq8k7ZNt4Mwm3w0,36.07438053,62.14148253,0.899075912
5/31/2020 14:00,4136001,iq8k7ZNt4Mwm3w0,36.7613546,62.75171297,0.918780938
5/31/2020 14:15,4136001,iq8k7ZNt4Mwm3w0,36.60874559,61.79855031,0.665563531
5/31/2020 14:30,4136001,iq8k7ZNt4Mwm3w0,31.55435383,40.07902133,0.300512782
5/31/2020 14:45,4136001,iq8k7ZNt4Mwm3w0,29.09773824,32.46115214,0.26979514
5/31/2020 15:00,4136001,iq8k7ZNt4Mwm3w0,28.25801387,30.5615907,0.409469805
5/31/2020 15:15,4136001,iq8k7ZNt4Mwm3w0,28.61687723,34.2651102,0.286445456
5/31/2020 15:30,4136001,iq8k7ZNt4Mwm3w0,28.31004703,31.66338493,0.182497571
5/31/2020 15:45,4136001,iq8k7ZNt4Mwm3w0,28.09238477,32.0827222,0.185862897
5/31/2020 16:00,4136001,iq8k7ZNt4Mwm3w0,28.06294407,31.57601393,0.150625824
5/31/2020 16:15,4136001,iq8k7ZNt4Mwm3w0,29.37561533,32.16830667,0.143775029
5/31/2020 16:30,4136001,iq8k7ZNt4Mwm3w0,29.412227,31.88949793,0.125894348
5/31/2020 16:45,4136001,iq8k7ZNt4Mwm3w0,29.63631283,31.64319953,0.094905212
5/31/2020 17:00,4136001,iq8k7ZNt4Mwm3w0,29.7272274,31.1070222,0.066090041
5/31/2020 17:15,4136001,iq8k7ZNt4Mwm3w0,29.63297569,30.4264989,0.040000031
5/31/2020 17:30,4136001,iq8k7ZNt4Mwm3w0,29.6294576,30.21031477,0.054734113
5/31/2020 17:45,4136001,iq8k7ZNt4Mwm3w0,29.26658269,29.93588048,0.048571467
5/31/2020 18:00,4136001,iq8k7ZNt4Mwm3w0,29.2769705,29.4960744,0.034425974
5/31/2020 18:15,4136001,iq8k7ZNt4Mwm3w0,29.35965477,29.10629383,0.018554284
5/31/2020 18:30,4136001,iq8k7ZNt4Mwm3w0,29.01673524,28.52748069,0.001883148
5/31/2020 18:45,4136001,iq8k7ZNt4Mwm3w0,28.52170417,27.12093813,0
5/31/2020 19:00,4136001,iq8k7ZNt4Mwm3w0,25.67330183,24.19752024,7.94E-06
5/31/2020 19:15,4136001,iq8k7ZNt4Mwm3w0,25.3022724,23.84010223,0.000686962
5/31/2020 19:30,4136001,iq8k7ZNt4Mwm3w0,25.5190387,23.86186217,0.000671641
5/31/2020 19:45,4136001,iq8k7ZNt4Mwm3w0,25.92626117,23.71788179,0.001228245
5/31/2020 20:00,4136001,iq8k7ZNt4Mwm3w0,25.86822213,23.5572602,0.001279491
5/31/2020 20:15,4136001,iq8k7ZNt4Mwm3w0,25.86443366,24.36525755,0.000885521
5/31/2020 20:30,4136001,iq8k7ZNt4Mwm3w0,26.0712495,24.73190747,0.000246951
5/31/2020 20:45,4136001,iq8k7ZNt4Mwm3w0,25.99110469,24.672519,0
5/31/2020 21:00,4136001,iq8k7ZNt4Mwm3w0,25.90679843,24.3962097,0
5/31/2020 21:15,4136001,iq8k7ZNt4Mwm3w0,25.5633639,24.16989145,0
5/31/2020 21:30,4136001,iq8k7ZNt4Mwm3w0,25.33227123,24.05931007,0
5/31/2020 21:45,4136001,iq8k7ZNt4Mwm3w0,25.28147477,24.49779563,3.84E-06
5/31/2020 22:00,4136001,iq8k7ZNt4Mwm3w0,25.27859721,25.041368,5.43E-05
5/31/2020 22:15,4136001,iq8k7ZNt4Mwm3w0,25.17268167,25.05172213,0
5/31/2020 22:30,4136001,iq8k7ZNt4Mwm3w0,25.16554945,24.98531138,0
5/31/2020 22:45,4136001,iq8k7ZNt4Mwm3w0,25.09792797,24.7690255,0
5/31/2020 23:00,4136001,iq8k7ZNt4Mwm3w0,24.95593466,24.54141021,0
5/31/2020 23:15,4136001,iq8k7ZNt4Mwm3w0,24.79135827,24.30185137,0
5/31/2020 23:30,4136001,iq8k7ZNt4Mwm3w0,24.71377467,24.23908893,0
5/31/2020 23:45,4136001,iq8k7ZNt4Mwm3w0,24.88328603,24.51085469,0
6/1/2020 0:00,4136001,iq8k7ZNt4Mwm3w0,25.14487823,24.37399193,0
6/1/2020 0:15,4136001,iq8k7ZNt4Mwm3w0,25.00537528,23.89950979,0
6/1/2020 0:30,4136001,iq8k7ZNt4Mwm3w0,24.77038563,23.57786977,0
6/1/2020 0:45,4136001,iq8k7ZNt4Mwm3w0,24.59964838,23.44498345,0
6/1/2020 1:00,4136001,iq8k7ZNt4Mwm3w0,24.5556591,23.40092557,0
6/1/2020 1:15,4136001,iq8k7ZNt4Mwm3w0,24.64996943,23.3517333,0
6/1/2020 1:30,4136001,iq8k7ZNt4Mwm3w0,24.90393048,23.57673272,0
6/1/2020 1:45,4136001,iq8k7ZNt4Mwm3w0,24.6729461,23.42276927,0
6/1/2020 2:00,4136001,iq8k7ZNt4Mwm3w0,24.43910279,23.2981801,0
6/1/2020 2:15,4136001,iq8k7ZNt4Mwm3w0,24.26451123,23.09995933,0
6/1/2020 2:30,4136001,iq8k7ZNt4Mwm3w0,24.043559,22.765743,0
6/1/2020 2:45,4136001,iq8k7ZNt4Mwm3w0,23.91952593,22.84983024,0
6/1/2020 3:00,4136001,iq8k7ZNt4Mwm3w0,23.8130928,22.95408327,0
6/1/2020 3:15,4136001,iq8k7ZNt4Mwm3w0,23.68584607,23.00851528,0
6/1/2020 3:30,4136001,iq8k7ZNt4Mwm3w0,23.78812633,23.31453447,0
6/1/2020 3:45,4136001,iq8k7ZNt4Mwm3w0,23.78079093,23.1081311,0
6/1/2020 4:00,4136001,iq8k7ZNt4Mwm3w0,23.77050977,22.93019207,0
6/1/2020 4:15,4136001,iq8k7ZNt4Mwm3w0,23.72071133,22.8736441,0
6/1/2020 4:30,4136001,iq8k7ZNt4Mwm3w0,23.56803645,22.48977234,0
6/1/2020 4:45,4136001,iq8k7ZNt4Mwm3w0,23.3969586,22.2350974,0
6/1/2020 5:00,4136001,iq8k7ZNt4Mwm3w0,23.31524034,22.32914897,0
6/1/2020 5:15,4136001,iq8k7ZNt4Mwm3w0,23.31858817,22.3617727,0
6/1/2020 5:30,4136001,iq8k7ZNt4Mwm3w0,23.2866976,22.35413833,0
6/1/2020 5:45,4136001,iq8k7ZNt4Mwm3w0,23.38028921,22.75453238,0.000761184
6/1/2020 6:00,4136001,iq8k7ZNt4Mwm3w0,23.47015503,22.8296202,0.006391937
6/1/2020 6:15,4136001,iq8k7ZNt4Mwm3w0,23.6733251,23.33852734,0.020901374
6/1/2020 6:30,4136001,iq8k7ZNt4Mwm3w0,23.97921763,23.88627933,0.046873134
6/1/2020 6:45,4136001,iq8k7ZNt4Mwm3w0,24.2096904,25.16197817,0.069706667
6/1/2020 7:00,4136001,iq8k7ZNt4Mwm3w0,24.56725234,26.58705714,0.064624229
6/1/2020 7:15,4136001,iq8k7ZNt4Mwm3w0,24.83561403,27.84200043,0.150437101
6/1/2020 7:30,4136001,iq8k7ZNt4Mwm3w0,25.36163324,30.20812979,0.162870066
6/1/2020 7:45,4136001,iq8k7ZNt4Mwm3w0,25.5112201,29.69533993,0.132070473
6/1/2020 8:00,4136001,iq8k7ZNt4Mwm3w0,25.68911743,29.60674847,0.161106645
6/1/2020 8:15,4136001,iq8k7ZNt4Mwm3w0,25.83838214,29.69835993,0.217574115
6/1/2020 8:30,4136001,iq8k7ZNt4Mwm3w0,26.10598753,30.99204107,0.281624365
6/1/2020 8:45,4136001,iq8k7ZNt4Mwm3w0,26.78541407,35.38309024,0.547218647
6/1/2020 9:00,4136001,iq8k7ZNt4Mwm3w0,27.5159312,39.7507344,0.660321149
6/1/2020 9:15,4136001,iq8k7ZNt4Mwm3w0,28.24577023,41.8187468,0.69873648
6/1/2020 9:30,4136001,iq8k7ZNt4Mwm3w0,29.05904,46.36068414,0.813793298
6/1/2020 9:45,4136001,iq8k7ZNt4Mwm3w0,29.39469397,49.35060227,0.788344361
6/1/2020 10:00,4136001,iq8k7ZNt4Mwm3w0,29.30169255,47.55944086,0.625476225
6/1/2020 10:15,4136001,iq8k7ZNt4Mwm3w0,29.8226225,50.4896434,0.918448095
6/1/2020 10:30,4136001,iq8k7ZNt4Mwm3w0,30.16054776,49.79540931,0.688386228
6/1/2020 10:45,4136001,iq8k7ZNt4Mwm3w0,30.09952903,43.9329496,0.319999715
6/1/2020 11:00,4136001,iq8k7ZNt4Mwm3w0,30.16543687,41.23620903,0.316754624
6/1/2020 11:15,4136001,iq8k7ZNt4Mwm3w0,30.59765,43.20352179,0.454341831
6/1/2020 11:30,4136001,iq8k7ZNt4Mwm3w0,30.9631358,43.16814577,0.352625237
6/1/2020 11:45,4136001,iq8k7ZNt4Mwm3w0,30.70219466,39.67880793,0.485910244
6/1/2020 12:00,4136001,iq8k7ZNt4Mwm3w0,32.09725337,53.4779175,1.079778667
6/1/2020 12:15,4136001,iq8k7ZNt4Mwm3w0,32.32455834,56.08672376,0.752137704
6/1/2020 12:30,4136001,iq8k7ZNt4Mwm3w0,32.71362183,49.31692217,0.917014765
6/1/2020 12:45,4136001,iq8k7ZNt4Mwm3w0,32.91406572,48.51724062,0.52008817
6/1/2020 13:00,4136001,iq8k7ZNt4Mwm3w0,32.35695387,41.9516938,0.291481791
6/1/2020 13:15,4136001,iq8k7ZNt4Mwm3w0,29.79072677,35.04367047,0.06974382
6/1/2020 13:30,4136001,iq8k7ZNt4Mwm3w0,24.81791675,25.7830125,0.030352709
6/1/2020 13:45,4136001,iq8k7ZNt4Mwm3w0,25.2230896,25.4652862,0.066565012
6/1/2020 14:00,4136001,iq8k7ZNt4Mwm3w0,25.41993252,25.7465241,0.054980724
6/1/2020 14:15,4136001,iq8k7ZNt4Mwm3w0,25.73312062,25.57292745,0.043911696
6/1/2020 14:30,4136001,iq8k7ZNt4Mwm3w0,25.77927647,25.28952427,0.036873474
6/1/2020 14:45,4136001,iq8k7ZNt4Mwm3w0,25.81809845,25.85411962,0.036230325
6/1/2020 15:00,4136001,iq8k7ZNt4Mwm3w0,25.8372774,26.1028746,0.037543413
6/1/2020 15:15,4136001,iq8k7ZNt4Mwm3w0,25.77082562,26.20280221,0.039739626
6/1/2020 15:30,4136001,iq8k7ZNt4Mwm3w0,25.69923173,26.29191697,0.043883079
6/1/2020 15:45,4136001,iq8k7ZNt4Mwm3w0,25.7438171,26.56079707,0.051105026
6/1/2020 16:00,4136001,iq8k7ZNt4Mwm3w0,25.80261045,26.95674607,0.062668925
6/1/2020 16:15,4136001,iq8k7ZNt4Mwm3w0,25.87481597,27.32038987,0.083816842
6/1/2020 16:30,4136001,iq8k7ZNt4Mwm3w0,25.735058,27.55691945,0.093273585
6/1/2020 16:45,4136001,iq8k7ZNt4Mwm3w0,25.2931234,26.63651127,0.048044017
6/1/2020 17:00,4136001,iq8k7ZNt4Mwm3w0,24.98577969,25.3548521,0.052680962
6/1/2020 17:15,4136001,iq8k7ZNt4Mwm3w0,24.64490663,24.1804921,0.02351446
6/1/2020 17:30,4136001,iq8k7ZNt4Mwm3w0,24.59279104,23.76944919,0.008118414
6/1/2020 18:00,4136001,iq8k7ZNt4Mwm3w0,23.71810767,23.40748346,0.00097087
6/1/2020 18:15,4136001,iq8k7ZNt4Mwm3w0,23.44638597,23.27403063,0.000392835
6/1/2020 18:30,4136001,iq8k7ZNt4Mwm3w0,23.58811797,23.32984459,5.56E-05
6/1/2020 18:45,4136001,iq8k7ZNt4Mwm3w0,23.59890143,23.34914873,0
6/1/2020 19:00,4136001,iq8k7ZNt4Mwm3w0,23.72271414,23.42210966,0
6/1/2020 19:15,4136001,iq8k7ZNt4Mwm3w0,23.58577883,23.35597333,0
6/1/2020 19:30,4136001,iq8k7ZNt4Mwm3w0,23.44893493,23.22895886,0
6/1/2020 19:45,4136001,iq8k7ZNt4Mwm3w0,23.29360873,23.14223137,0
6/1/2020 20:00,4136001,iq8k7ZNt4Mwm3w0,23.13512376,22.956744,0
6/1/2020 20:15,4136001,iq8k7ZNt4Mwm3w0,23.22152303,22.95596703,0
6/1/2020 20:30,4136001,iq8k7ZNt4Mwm3w0,23.27175886,22.85351462,0
6/1/2020 20:45,4136001,iq8k7ZNt4Mwm3w0,23.36985677,23.0095966,0
6/1/2020 21:00,4136001,iq8k7ZNt4Mwm3w0,23.33274262,23.00758934,0
6/1/2020 21:15,4136001,iq8k7ZNt4Mwm3w0,23.3867891,23.03463537,0
6/1/2020 21:30,4136001,iq8k7ZNt4Mwm3w0,23.4847129,23.05871777,0
6/1/2020 21:45,4136001,iq8k7ZNt4Mwm3w0,23.60019859,23.07083334,0
6/1/2020 22:00,4136001,iq8k7ZNt4Mwm3w0,23.65830607,23.23210477,0
6/1/2020 22:15,4136001,iq8k7ZNt4Mwm3w0,23.66769855,23.23311645,0
6/1/2020 22:30,4136001,iq8k7ZNt4Mwm3w0,23.6461244,23.24482527,0
6/1/2020 22:45,4136001,iq8k7ZNt4Mwm3w0,23.66165079,23.34689134,0
6/1/2020 23:00,4136001,iq8k7ZNt4Mwm3w0,23.59160463,23.25824697,0
6/1/2020 23:15,4136001,iq8k7ZNt4Mwm3w0,23.5920869,23.23701087,0
6/1/2020 23:30,4136001,iq8k7ZNt4Mwm3w0,23.6848369,23.41283434,0
6/1/2020 23:45,4136001,iq8k7ZNt4Mwm3w0,23.643209,23.09573873,0
6/2/2020 0:00,4136001,iq8k7ZNt4Mwm3w0,23.5408449,22.76998803,0
6/2/2020 0:15,4136001,iq8k7ZNt4Mwm3w0,23.4536502,22.5221934,0
6/2/2020 0:30,4136001,iq8k7ZNt4Mwm3w0,23.39307887,22.47517597,0
6/2/2020 0:45,4136001,iq8k7ZNt4Mwm3w0,23.42435786,22.32573203,0
6/2/2020 1:00,4136001,iq8k7ZNt4Mwm3w0,23.40566437,22.28776063,0
6/2/2020 1:15,4136001,iq8k7ZNt4Mwm3w0,23.37376045,22.29495038,0
6/2/2020 1:30,4136001,iq8k7ZNt4Mwm3w0,23.2813975,21.9850617,0
6/2/2020 1:45,4136001,iq8k7ZNt4Mwm3w0,23.15951693,21.808919,0
6/2/2020 2:00,4136001,iq8k7ZNt4Mwm3w0,23.18874653,21.8047476,0
6/2/2020 2:15,4136001,iq8k7ZNt4Mwm3w0,23.14253057,21.79875397,0
6/2/2020 2:30,4136001,iq8k7ZNt4Mwm3w0,23.04658634,21.8141091,0
6/2/2020 2:45,4136001,iq8k7ZNt4Mwm3w0,23.0449349,21.92831423,0
6/2/2020 3:00,4136001,iq8k7ZNt4Mwm3w0,23.05454848,22.20229276,0
6/2/2020 3:15,4136001,iq8k7ZNt4Mwm3w0,23.0670103,22.25773537,0
6/2/2020 3:30,4136001,iq8k7ZNt4Mwm3w0,23.05503355,21.74863514,0
6/2/2020 3:45,4136001,iq8k7ZNt4Mwm3w0,23.02189033,21.4183553,0
6/2/2020 4:00,4136001,iq8k7ZNt4Mwm3w0,23.09342621,22.1851071,0
6/2/2020 4:15,4136001,iq8k7ZNt4Mwm3w0,23.0037465,22.22702553,0
6/2/2020 4:30,4136001,iq8k7ZNt4Mwm3w0,23.1595159,22.21536686,0
6/2/2020 4:45,4136001,iq8k7ZNt4Mwm3w0,23.11844433,22.3312501,0
6/2/2020 5:00,4136001,iq8k7ZNt4Mwm3w0,23.04683927,22.07618413,0
6/2/2020 5:15,4136001,iq8k7ZNt4Mwm3w0,23.05502917,21.93660241,0
6/2/2020 5:30,4136001,iq8k7ZNt4Mwm3w0,22.95900967,22.1907981,0
6/2/2020 5:45,4136001,iq8k7ZNt4Mwm3w0,22.92650941,22.15299417,0.002251783
6/2/2020 6:00,4136001,iq8k7ZNt4Mwm3w0,22.91638267,22.2472648,0.019726175
6/2/2020 6:15,4136001,iq8k7ZNt4Mwm3w0,23.0324554,22.65444037,0.047836921
6/2/2020 6:30,4136001,iq8k7ZNt4Mwm3w0,23.34289766,23.38339762,0.076592885
6/2/2020 6:45,4136001,iq8k7ZNt4Mwm3w0,23.85694277,24.49164527,0.147749714
6/2/2020 7:00,4136001,iq8k7ZNt4Mwm3w0,24.22141779,25.01937748,0.181857427
6/2/2020 7:15,4136001,iq8k7ZNt4Mwm3w0,24.62806283,27.23979177,0.245755635
6/2/2020 7:30,4136001,iq8k7ZNt4Mwm3w0,24.96955507,28.16872541,0.262764301
6/2/2020 7:45,4136001,iq8k7ZNt4Mwm3w0,25.2637705,29.25051677,0.276607066
6/2/2020 8:00,4136001,iq8k7ZNt4Mwm3w0,25.7294292,32.35679117,0.359594121
6/2/2020 8:15,4136001,iq8k7ZNt4Mwm3w0,26.09060438,33.56801128,0.368892447
6/2/2020 8:30,4136001,iq8k7ZNt4Mwm3w0,26.44687697,34.41820253,0.377332969
6/2/2020 8:45,4136001,iq8k7ZNt4Mwm3w0,26.80872531,35.0458671,0.443209798
6/2/2020 9:00,4136001,iq8k7ZNt4Mwm3w0,27.24902947,35.53727113,0.4957502
6/2/2020 9:15,4136001,iq8k7ZNt4Mwm3w0,27.42549628,34.49670614,0.394868714
6/2/2020 9:30,4136001,iq8k7ZNt4Mwm3w0,27.327536,33.792619,0.405688607
6/2/2020 9:45,4136001,iq8k7ZNt4Mwm3w0,27.75435655,36.34784469,0.4331568
6/2/2020 10:00,4136001,iq8k7ZNt4Mwm3w0,27.99881283,38.14251193,0.469154805
6/2/2020 10:15,4136001,iq8k7ZNt4Mwm3w0,28.47418738,40.54221093,0.536607375
6/2/2020 10:30,4136001,iq8k7ZNt4Mwm3w0,28.5353607,40.11957697,0.440297134
6/2/2020 10:45,4136001,iq8k7ZNt4Mwm3w0,28.8915477,41.118934,0.542141833
6/2/2020 11:00,4136001,iq8k7ZNt4Mwm3w0,28.94237755,40.47370734,0.451514515
6/2/2020 11:15,4136001,iq8k7ZNt4Mwm3w0,29.25102733,43.11183257,0.688644954
6/2/2020 11:30,4136001,iq8k7ZNt4Mwm3w0,30.3766301,53.5667461,0.925058727
6/2/2020 11:45,4136001,iq8k7ZNt4Mwm3w0,31.0751586,58.73192937,0.90184536
6/2/2020 12:00,4136001,iq8k7ZNt4Mwm3w0,31.11201741,55.95442045,0.762286187
6/2/2020 12:15,4136001,iq8k7ZNt4Mwm3w0,31.06728197,55.0839924,0.687474408
6/2/2020 12:30,4136001,iq8k7ZNt4Mwm3w0,31.93959243,62.5643057,1.083226548
6/2/2020 12:45,4136001,iq8k7ZNt4Mwm3w0,33.18994672,66.63595276,1.056203602
6/2/2020 13:00,4136001,iq8k7ZNt4Mwm3w0,32.27054523,55.00482807,0.566160415
6/2/2020 13:15,4136001,iq8k7ZNt4Mwm3w0,32.88762783,54.72453555,0.891525553
6/2/2020 13:30,4136001,iq8k7ZNt4Mwm3w0,33.17993283,57.11537297,0.93505356
6/2/2020 13:45,4136001,iq8k7ZNt4Mwm3w0,33.78014186,58.95950324,0.86941443
6/2/2020 14:00,4136001,iq8k7ZNt4Mwm3w0,33.5813059,59.8907156,0.966886285
6/2/2020 14:15,4136001,iq8k7ZNt4Mwm3w0,32.98081807,55.06886103,0.721457643
6/2/2020 14:30,4136001,iq8k7ZNt4Mwm3w0,32.73657323,50.73028447,0.602263703
6/2/2020 14:45,4136001,iq8k7ZNt4Mwm3w0,32.74011438,51.55821697,0.670690566
6/2/2020 15:00,4136001,iq8k7ZNt4Mwm3w0,32.62758303,49.09895223,0.479296632
6/2/2020 15:15,4136001,iq8k7ZNt4Mwm3w0,31.9380421,42.2936992,0.400681733
6/2/2020 15:30,4136001,iq8k7ZNt4Mwm3w0,32.84086431,48.34478234,0.560005711
6/2/2020 15:45,4136001,iq8k7ZNt4Mwm3w0,31.93149307,43.1525964,0.335380686
6/2/2020 16:00,4136001,iq8k7ZNt4Mwm3w0,31.42358703,39.55414683,0.386503621
6/2/2020 16:15,4136001,iq8k7ZNt4Mwm3w0,31.6451579,42.85566707,0.378066976
6/2/2020 16:30,4136001,iq8k7ZNt4Mwm3w0,32.09593497,42.7654735,0.417622528
6/2/2020 16:45,4136001,iq8k7ZNt4Mwm3w0,32.22493955,42.13045121,0.364439505
6/2/2020 17:00,4136001,iq8k7ZNt4Mwm3w0,31.52818297,39.44536643,0.323271408
6/2/2020 17:15,4136001,iq8k7ZNt4Mwm3w0,30.72394214,36.51634479,0.260332839
6/2/2020 17:30,4136001,iq8k7ZNt4Mwm3w0,30.1612061,34.92869267,0.221493413
6/2/2020 17:45,4136001,iq8k7ZNt4Mwm3w0,29.57704314,32.96825548,0.137682944
6/2/2020 18:00,4136001,iq8k7ZNt4Mwm3w0,29.15990293,31.01178997,0.101984443
6/2/2020 18:15,4136001,iq8k7ZNt4Mwm3w0,28.77739734,29.76971438,0.055328806
6/2/2020 18:30,4136001,iq8k7ZNt4Mwm3w0,28.263504,28.16377467,0.017368276
6/2/2020 18:45,4136001,iq8k7ZNt4Mwm3w0,27.9587657,27.024055,0.001615691
6/2/2020 19:00,4136001,iq8k7ZNt4Mwm3w0,27.64950669,26.33786862,0
6/2/2020 19:15,4136001,iq8k7ZNt4Mwm3w0,27.32733267,25.93124477,0
6/2/2020 19:30,4136001,iq8k7ZNt4Mwm3w0,27.10787,25.67865724,0
6/2/2020 19:45,4136001,iq8k7ZNt4Mwm3w0,26.86658,25.34494223,0
6/2/2020 20:00,4136001,iq8k7ZNt4Mwm3w0,26.85125107,25.3235127,0
6/2/2020 20:15,4136001,iq8k7ZNt4Mwm3w0,26.74221707,25.53342834,0
6/2/2020 20:30,4136001,iq8k7ZNt4Mwm3w0,26.57650643,25.67143243,0
6/2/2020 20:45,4136001,iq8k7ZNt4Mwm3w0,26.3292921,25.44009514,0
6/2/2020 21:00,4136001,iq8k7ZNt4Mwm3w0,26.22199907,25.29184563,0
6/2/2020 21:15,4136001,iq8k7ZNt4Mwm3w0,26.0898733,25.11493007,0
6/2/2020 21:30,4136001,iq8k7ZNt4Mwm3w0,25.89733483,24.96412186,0
6/2/2020 21:45,4136001,iq8k7ZNt4Mwm3w0,25.65833327,24.3061309,0
6/2/2020 22:00,4136001,iq8k7ZNt4Mwm3w0,25.55744128,24.19067069,0
6/2/2020 22:15,4136001,iq8k7ZNt4Mwm3w0,25.4292397,24.00272943,0
6/2/2020 22:30,4136001,iq8k7ZNt4Mwm3w0,25.28490893,24.08702986,0
6/2/2020 22:45,4136001,iq8k7ZNt4Mwm3w0,25.1463909,24.0475769,0
6/2/2020 23:00,4136001,iq8k7ZNt4Mwm3w0,25.10547607,24.3027872,0
6/2/2020 23:15,4136001,iq8k7ZNt4Mwm3w0,25.02253659,24.22422848,0
6/2/2020 23:30,4136001,iq8k7ZNt4Mwm3w0,24.9870756,24.48706043,0
6/2/2020 23:45,4136001,iq8k7ZNt4Mwm3w0,25.01158707,24.60736403,0
6/3/2020 0:00,4136001,iq8k7ZNt4Mwm3w0,25.00973393,24.62781073,0
6/3/2020 0:15,4136001,iq8k7ZNt4Mwm3w0,25.11708393,24.66872257,0
6/3/2020 0:30,4136001,iq8k7ZNt4Mwm3w0,25.03663797,24.6727431,0
6/3/2020 0:45,4136001,iq8k7ZNt4Mwm3w0,24.8815395,24.4358582,0
6/3/2020 1:00,4136001,iq8k7ZNt4Mwm3w0,24.84942828,24.53421941,0
6/3/2020 1:15,4136001,iq8k7ZNt4Mwm3w0,24.70987947,24.40536287,0
6/3/2020 1:30,4136001,iq8k7ZNt4Mwm3w0,23.89929813,22.69867867,0
6/3/2020 1:45,4136001,iq8k7ZNt4Mwm3w0,23.76412748,22.40054324,0
6/3/2020 2:00,4136001,iq8k7ZNt4Mwm3w0,24.0012901,22.53145743,0
6/3/2020 2:15,4136001,iq8k7ZNt4Mwm3w0,24.12748466,22.98021414,0
6/3/2020 2:30,4136001,iq8k7ZNt4Mwm3w0,24.17653307,23.67194023,0
6/3/2020 2:45,4136001,iq8k7ZNt4Mwm3w0,23.98603683,23.76817807,0
6/3/2020 3:00,4136001,iq8k7ZNt4Mwm3w0,23.84928457,23.28409337,0
6/3/2020 3:15,4136001,iq8k7ZNt4Mwm3w0,23.73975517,22.95713493,0
6/3/2020 3:30,4136001,iq8k7ZNt4Mwm3w0,23.71006828,22.8165411,0
6/3/2020 3:45,4136001,iq8k7ZNt4Mwm3w0,23.77784383,22.92875467,0
6/3/2020 4:00,4136001,iq8k7ZNt4Mwm3w0,23.80809186,23.26818021,0
6/3/2020 4:15,4136001,iq8k7ZNt4Mwm3w0,23.85906143,23.23327237,0
6/3/2020 4:30,4136001,iq8k7ZNt4Mwm3w0,23.95609333,23.42938467,0
6/3/2020 4:45,4136001,iq8k7ZNt4Mwm3w0,23.93930348,23.37685317,0
6/3/2020 5:00,4136001,iq8k7ZNt4Mwm3w0,23.97426167,23.51823227,0
6/3/2020 5:15,4136001,iq8k7ZNt4Mwm3w0,23.90179628,23.27074783,0
6/3/2020 5:30,4136001,iq8k7ZNt4Mwm3w0,23.71245213,22.60720007,0
6/3/2020 5:45,4136001,iq8k7ZNt4Mwm3w0,23.65976787,22.38197537,0.000465799
6/3/2020 6:00,4136001,iq8k7ZNt4Mwm3w0,23.71561617,22.62310255,0.005510974
6/3/2020 6:15,4136001,iq8k7ZNt4Mwm3w0,23.7934872,22.96333717,0.019233445
6/3/2020 6:30,4136001,iq8k7ZNt4Mwm3w0,23.8435381,24.01945552,0.041058937
6/3/2020 6:45,4136001,iq8k7ZNt4Mwm3w0,24.08396513,25.11669,0.072946273
6/3/2020 7:00,4136001,iq8k7ZNt4Mwm3w0,24.42405093,26.27323703,0.106879451
6/3/2020 7:15,4136001,iq8k7ZNt4Mwm3w0,24.73453383,27.13060372,0.124998384
6/3/2020 7:30,4136001,iq8k7ZNt4Mwm3w0,24.86604513,27.3253428,0.141534955
6/3/2020 7:45,4136001,iq8k7ZNt4Mwm3w0,25.19631224,28.44484521,0.280877656
6/3/2020 8:00,4136001,iq8k7ZNt4Mwm3w0,26.03362837,33.14524617,0.341740789
6/3/2020 8:15,4136001,iq8k7ZNt4Mwm3w0,26.0015911,32.63766907,0.327680299
6/3/2020 8:30,4136001,iq8k7ZNt4Mwm3w0,26.48701057,33.67832763,0.348579398
6/3/2020 8:45,4136001,iq8k7ZNt4Mwm3w0,26.84006023,34.61722103,0.359788014
6/3/2020 9:00,4136001,iq8k7ZNt4Mwm3w0,27.38324703,36.82217831,0.495570492
6/3/2020 9:15,4136001,iq8k7ZNt4Mwm3w0,27.3699208,36.1403514,0.2928773
6/3/2020 9:30,4136001,iq8k7ZNt4Mwm3w0,27.27601155,34.18242128,0.33939641
6/3/2020 9:45,4136001,iq8k7ZNt4Mwm3w0,27.50335377,36.01624947,0.431027181
6/3/2020 10:00,4136001,iq8k7ZNt4Mwm3w0,27.97223103,38.56706386,0.377157659
6/3/2020 10:15,4136001,iq8k7ZNt4Mwm3w0,27.93773297,36.6725689,0.294314601
6/3/2020 10:30,4136001,iq8k7ZNt4Mwm3w0,27.73315862,33.86757369,0.288473041
6/3/2020 10:45,4136001,iq8k7ZNt4Mwm3w0,29.2274739,44.62195647,0.840877133
6/3/2020 11:00,4136001,iq8k7ZNt4Mwm3w0,29.67993763,48.9569479,0.612939433
6/3/2020 11:15,4136001,iq8k7ZNt4Mwm3w0,29.35558448,42.17690066,0.586512801
6/3/2020 11:30,4136001,iq8k7ZNt4Mwm3w0,29.9561614,45.21183343,0.693102851
6/3/2020 11:45,4136001,iq8k7ZNt4Mwm3w0,29.69579666,42.21561486,0.600779884
6/3/2020 12:00,4136001,iq8k7ZNt4Mwm3w0,30.57128907,48.6125305,0.820300996
6/3/2020 12:15,4136001,iq8k7ZNt4Mwm3w0,30.7003918,46.0092608,0.621981717
6/3/2020 12:30,4136001,iq8k7ZNt4Mwm3w0,30.121441,41.42363359,0.504532031
6/3/2020 12:45,4136001,iq8k7ZNt4Mwm3w0,29.98836773,38.625959,0.274321149
6/3/2020 13:00,4136001,iq8k7ZNt4Mwm3w0,28.01303731,31.47980376,0.065542535
6/3/2020 13:15,4136001,iq8k7ZNt4Mwm3w0,27.09222917,30.6291027,0.387105846
6/3/2020 13:30,4136001,iq8k7ZNt4Mwm3w0,28.59857287,37.6843487,0.406871291
6/3/2020 13:45,4136001,iq8k7ZNt4Mwm3w0,28.74561808,36.34914642,0.348508788
6/3/2020 14:15,4136001,iq8k7ZNt4Mwm3w0,30.45042944,45.62854911,0.760529333
6/3/2020 14:30,4136001,iq8k7ZNt4Mwm3w0,29.63802373,40.39539807,0.437246157
6/3/2020 14:45,4136001,iq8k7ZNt4Mwm3w0,29.5407251,38.45967155,0.535510617
6/3/2020 15:00,4136001,iq8k7ZNt4Mwm3w0,30.53915813,47.42155653,0.756136507
6/3/2020 15:15,4136001,iq8k7ZNt4Mwm3w0,30.27949559,44.77120962,0.480695512
6/3/2020 15:30,4136001,iq8k7ZNt4Mwm3w0,29.63081567,37.69361987,0.295706478
6/3/2020 15:45,4136001,iq8k7ZNt4Mwm3w0,29.61536076,37.79705797,0.451771857
6/3/2020 16:00,4136001,iq8k7ZNt4Mwm3w0,29.84168187,37.93393057,0.315477451
6/3/2020 16:15,4136001,iq8k7ZNt4Mwm3w0,29.38401,34.55478431,0.203640676
6/3/2020 16:30,4136001,iq8k7ZNt4Mwm3w0,28.7046204,32.3352724,0.169755189
6/3/2020 16:45,4136001,iq8k7ZNt4Mwm3w0,28.3467144,31.93010667,0.193300146
6/3/2020 17:00,4136001,iq8k7ZNt4Mwm3w0,28.03211921,31.82951734,0.166819427
6/3/2020 17:15,4136001,iq8k7ZNt4Mwm3w0,27.45689173,29.92605377,0.118631514
6/3/2020 17:30,4136001,iq8k7ZNt4Mwm3w0,27.15457569,28.82283393,0.10144387
6/3/2020 17:45,4136001,iq8k7ZNt4Mwm3w0,26.89719013,28.131608,0.083049096
6/3/2020 18:00,4136001,iq8k7ZNt4Mwm3w0,26.82174593,27.43494867,0.05364291
6/3/2020 18:15,4136001,iq8k7ZNt4Mwm3w0,26.64500493,26.866011,0.026757118
6/3/2020 18:30,4136001,iq8k7ZNt4Mwm3w0,26.40668533,26.28797107,0.010100981
6/3/2020 18:45,4136001,iq8k7ZNt4Mwm3w0,26.04888079,25.38631766,0.00093562
6/3/2020 19:00,4136001,iq8k7ZNt4Mwm3w0,25.8285533,24.90916953,0
6/3/2020 19:15,4136001,iq8k7ZNt4Mwm3w0,25.53168131,24.41345007,0
6/3/2020 19:30,4136001,iq8k7ZNt4Mwm3w0,25.20612397,23.9327332,0
6/3/2020 19:45,4136001,iq8k7ZNt4Mwm3w0,24.98406766,23.82057886,0
6/3/2020 20:00,4136001,iq8k7ZNt4Mwm3w0,24.8314126,23.98214827,0
6/3/2020 20:15,4136001,iq8k7ZNt4Mwm3w0,24.7192687,24.0153678,0
6/3/2020 20:30,4136001,iq8k7ZNt4Mwm3w0,24.65795155,24.00843231,0
6/3/2020 20:45,4136001,iq8k7ZNt4Mwm3w0,24.5213178,23.8033204,0
6/3/2020 21:00,4136001,iq8k7ZNt4Mwm3w0,24.46324741,23.72867669,0
6/3/2020 21:15,4136001,iq8k7ZNt4Mwm3w0,24.22352817,23.5329428,0
6/3/2020 21:30,4136001,iq8k7ZNt4Mwm3w0,23.88456097,23.15591537,0
6/3/2020 21:45,4136001,iq8k7ZNt4Mwm3w0,23.80758734,22.94280897,0
6/3/2020 22:00,4136001,iq8k7ZNt4Mwm3w0,23.7768878,22.9507608,0
6/3/2020 22:15,4136001,iq8k7ZNt4Mwm3w0,23.66013752,22.72563221,0
6/3/2020 22:30,4136001,iq8k7ZNt4Mwm3w0,23.76125463,22.7538615,0
6/3/2020 22:45,4136001,iq8k7ZNt4Mwm3w0,23.85164966,22.93449669,0
6/3/2020 23:00,4136001,iq8k7ZNt4Mwm3w0,23.8517117,22.95289943,0
6/3/2020 23:15,4136001,iq8k7ZNt4Mwm3w0,23.84605431,22.8848361,0
6/3/2020 23:30,4136001,iq8k7ZNt4Mwm3w0,23.8008318,22.8171417,0
6/3/2020 23:45,4136001,iq8k7ZNt4Mwm3w0,23.7193359,22.8010347,0
6/4/2020 0:00,4136001,iq8k7ZNt4Mwm3w0,23.50617083,22.72613872,0
6/4/2020 0:15,4136001,iq8k7ZNt4Mwm3w0,23.5298614,22.7003695,0
6/4/2020 0:30,4136001,iq8k7ZNt4Mwm3w0,23.51720552,22.66682255,0
6/4/2020 0:45,4136001,iq8k7ZNt4Mwm3w0,23.47985453,22.62901107,0
6/4/2020 1:00,4136001,iq8k7ZNt4Mwm3w0,23.47402968,22.578498,0
6/4/2020 1:15,4136001,iq8k7ZNt4Mwm3w0,23.45170927,22.467801,0
6/4/2020 1:30,4136001,iq8k7ZNt4Mwm3w0,23.5328036,22.45877193,0
6/4/2020 1:45,4136001,iq8k7ZNt4Mwm3w0,23.616814,22.61726866,0
6/4/2020 2:00,4136001,iq8k7ZNt4Mwm3w0,23.5736094,22.59176873,0
6/4/2020 2:15,4136001,iq8k7ZNt4Mwm3w0,23.48257872,22.52911786,0
6/4/2020 2:30,4136001,iq8k7ZNt4Mwm3w0,23.379536,22.36650507,0
6/4/2020 2:45,4136001,iq8k7ZNt4Mwm3w0,23.48909155,22.32378017,0
6/4/2020 3:00,4136001,iq8k7ZNt4Mwm3w0,23.47355363,22.32298903,0
6/4/2020 3:15,4136001,iq8k7ZNt4Mwm3w0,23.384287,22.22572286,0
6/4/2020 3:30,4136001,iq8k7ZNt4Mwm3w0,23.35194187,21.98627733,0
6/4/2020 3:45,4136001,iq8k7ZNt4Mwm3w0,23.32345997,21.81308493,0
6/4/2020 4:00,4136001,iq8k7ZNt4Mwm3w0,23.2158709,21.50695693,0
6/4/2020 4:15,4136001,iq8k7ZNt4Mwm3w0,23.00651233,21.2095956,0
6/4/2020 4:30,4136001,iq8k7ZNt4Mwm3w0,23.00293793,21.32793972,0
6/4/2020 4:45,4136001,iq8k7ZNt4Mwm3w0,23.15551917,21.78990573,0
6/4/2020 5:00,4136001,iq8k7ZNt4Mwm3w0,23.29152943,22.05218917,0
6/4/2020 5:15,4136001,iq8k7ZNt4Mwm3w0,23.26026962,22.12411924,0
6/4/2020 5:30,4136001,iq8k7ZNt4Mwm3w0,23.1810419,21.96406763,0
6/4/2020 5:45,4136001,iq8k7ZNt4Mwm3w0,23.21732638,22.10536883,0.000356103
6/4/2020 6:00,4136001,iq8k7ZNt4Mwm3w0,23.32922357,22.32010407,0.00682581
6/4/2020 6:15,4136001,iq8k7ZNt4Mwm3w0,23.42791445,22.65980793,0.020325759
6/4/2020 6:30,4136001,iq8k7ZNt4Mwm3w0,23.6890575,23.52308453,0.043538642
6/4/2020 6:45,4136001,iq8k7ZNt4Mwm3w0,23.98467507,24.88312683,0.071286003
6/4/2020 7:00,4136001,iq8k7ZNt4Mwm3w0,24.33044338,26.54599528,0.112583316
6/4/2020 7:15,4136001,iq8k7ZNt4Mwm3w0,24.70950007,28.19929003,0.14794878
6/4/2020 7:30,4136001,iq8k7ZNt4Mwm3w0,24.90499772,28.62191876,0.167616281
6/4/2020 7:45,4136001,iq8k7ZNt4Mwm3w0,25.1223704,30.17091263,0.235576334
6/4/2020 8:00,4136001,iq8k7ZNt4Mwm3w0,25.45418766,31.75909859,0.261332625
6/4/2020 8:15,4136001,iq8k7ZNt4Mwm3w0,26.0076823,34.36595863,0.405336878
6/4/2020 8:30,4136001,iq8k7ZNt4Mwm3w0,26.45022679,35.79478721,0.365282959
6/4/2020 8:45,4136001,iq8k7ZNt4Mwm3w0,26.4298736,35.13495477,0.355304296
6/4/2020 9:00,4136001,iq8k7ZNt4Mwm3w0,26.65404567,36.18255623,0.401312715
6/4/2020 9:15,4136001,iq8k7ZNt4Mwm3w0,27.02778986,38.14800303,0.467158832
6/4/2020 9:30,4136001,iq8k7ZNt4Mwm3w0,27.4964255,39.6057933,0.507974725
6/4/2020 9:45,4136001,iq8k7ZNt4Mwm3w0,27.64883841,39.44161745,0.511515428
6/4/2020 10:00,4136001,iq8k7ZNt4Mwm3w0,28.75232643,45.223463,0.747431667
6/4/2020 10:15,4136001,iq8k7ZNt4Mwm3w0,28.82075652,44.46166041,0.68496863
6/4/2020 10:30,4136001,iq8k7ZNt4Mwm3w0,28.7795593,43.55038867,0.500572102
6/4/2020 10:45,4136001,iq8k7ZNt4Mwm3w0,27.79197634,35.40643497,0.299458874
6/4/2020 11:00,4136001,iq8k7ZNt4Mwm3w0,28.64473773,39.68908687,0.653422434
6/4/2020 11:15,4136001,iq8k7ZNt4Mwm3w0,29.6499766,49.73668217,0.776167843
6/4/2020 11:30,4136001,iq8k7ZNt4Mwm3w0,30.20047648,50.65878303,0.875499314
6/4/2020 11:45,4136001,iq8k7ZNt4Mwm3w0,31.10112697,56.17383843,0.959755061
6/4/2020 12:00,4136001,iq8k7ZNt4Mwm3w0,31.748693,54.58599945,0.753863459
6/4/2020 12:15,4136001,iq8k7ZNt4Mwm3w0,31.4054086,50.13670767,0.626813433
6/4/2020 12:30,4136001,iq8k7ZNt4Mwm3w0,32.12407938,54.41021503,1.098766043
6/4/2020 12:45,4136001,iq8k7ZNt4Mwm3w0,32.99476957,61.4893392,1.075527686
6/4/2020 13:00,4136001,iq8k7ZNt4Mwm3w0,32.87322087,58.39144287,0.752941626
6/4/2020 13:15,4136001,iq8k7ZNt4Mwm3w0,32.7337811,55.40089907,0.942780253
6/4/2020 13:30,4136001,iq8k7ZNt4Mwm3w0,32.67796207,55.27913417,0.800241905
6/4/2020 13:45,4136001,iq8k7ZNt4Mwm3w0,30.92956955,41.08770641,0.261600737
6/4/2020 14:00,4136001,iq8k7ZNt4Mwm3w0,29.89492493,36.105009,0.24918073
6/4/2020 14:15,4136001,iq8k7ZNt4Mwm3w0,29.59220321,37.91041421,0.417413846
6/4/2020 14:30,4136001,iq8k7ZNt4Mwm3w0,29.9574492,39.7531921,0.378183923
6/4/2020 14:45,4136001,iq8k7ZNt4Mwm3w0,29.01992259,36.56108676,0.375421029
6/4/2020 15:00,4136001,iq8k7ZNt4Mwm3w0,28.9516053,37.17042137,0.400242852
6/4/2020 15:15,4136001,iq8k7ZNt4Mwm3w0,28.69296048,36.04145986,0.324147887
6/4/2020 15:30,4136001,iq8k7ZNt4Mwm3w0,28.49581703,35.43065597,0.311133532
6/4/2020 15:45,4136001,iq8k7ZNt4Mwm3w0,28.17336227,33.9577191,0.258877608
6/4/2020 16:00,4136001,iq8k7ZNt4Mwm3w0,27.82616859,32.24081114,0.185318745
6/4/2020 16:15,4136001,iq8k7ZNt4Mwm3w0,27.60287473,31.77215163,0.222627907
6/4/2020 16:30,4136001,iq8k7ZNt4Mwm3w0,27.935087,33.111305,0.246114384
6/4/2020 16:45,4136001,iq8k7ZNt4Mwm3w0,28.58368023,35.29065467,0.304403625
6/4/2020 17:00,4136001,iq8k7ZNt4Mwm3w0,28.50673903,34.13578828,0.203127349
6/4/2020 17:15,4136001,iq8k7ZNt4Mwm3w0,28.05126853,31.18371997,0.130299579
6/4/2020 17:30,4136001,iq8k7ZNt4Mwm3w0,27.81005552,29.81780169,0.096630792
6/4/2020 17:45,4136001,iq8k7ZNt4Mwm3w0,27.71518943,29.01167403,0.079780605
6/4/2020 18:00,4136001,iq8k7ZNt4Mwm3w0,27.5763749,28.30987762,0.057308323
6/4/2020 18:15,4136001,iq8k7ZNt4Mwm3w0,27.4625298,27.48582457,0.033420481
6/4/2020 18:30,4136001,iq8k7ZNt4Mwm3w0,27.4985625,26.79662787,0.016472944
6/4/2020 18:45,4136001,iq8k7ZNt4Mwm3w0,27.16774652,26.19345286,0.001389539
6/4/2020 19:00,4136001,iq8k7ZNt4Mwm3w0,27.06125983,25.8164489,0
6/4/2020 19:15,4136001,iq8k7ZNt4Mwm3w0,26.84462134,25.52530424,0
6/4/2020 19:30,4136001,iq8k7ZNt4Mwm3w0,26.61994207,25.20446647,0
6/4/2020 19:45,4136001,iq8k7ZNt4Mwm3w0,25.886081,24.99820576,0
6/4/2020 20:00,4136001,iq8k7ZNt4Mwm3w0,25.41501143,24.77320987,0
6/4/2020 20:15,4136001,iq8k7ZNt4Mwm3w0,25.25317483,24.17024733,0
6/4/2020 20:30,4136001,iq8k7ZNt4Mwm3w0,25.07101976,23.58227331,0
6/4/2020 20:45,4136001,iq8k7ZNt4Mwm3w0,25.05708617,23.45853477,0
6/4/2020 21:00,4136001,iq8k7ZNt4Mwm3w0,24.76100728,23.159667,0
6/4/2020 21:15,4136001,iq8k7ZNt4Mwm3w0,24.4274142,22.75670473,0
6/4/2020 21:30,4136001,iq8k7ZNt4Mwm3w0,24.47409263,22.5549642,0
6/4/2020 21:45,4136001,iq8k7ZNt4Mwm3w0,24.5975941,22.77194845,0
6/4/2020 22:00,4136001,iq8k7ZNt4Mwm3w0,24.31747247,22.5268189,0
6/4/2020 22:15,4136001,iq8k7ZNt4Mwm3w0,24.09643672,22.39316852,0
6/4/2020 22:30,4136001,iq8k7ZNt4Mwm3w0,24.35011397,23.49998277,0.000188098
6/4/2020 22:45,4136001,iq8k7ZNt4Mwm3w0,24.49744277,24.03897,8.96E-06
6/4/2020 23:00,4136001,iq8k7ZNt4Mwm3w0,24.43652979,23.84463617,0
6/4/2020 23:15,4136001,iq8k7ZNt4Mwm3w0,24.2125986,23.0966338,0
6/4/2020 23:30,4136001,iq8k7ZNt4Mwm3w0,24.22958897,23.37448231,0
6/4/2020 23:45,4136001,iq8k7ZNt4Mwm3w0,24.3579734,23.80095623,0
6/5/2020 0:00,4136001,iq8k7ZNt4Mwm3w0,24.29966907,23.54368431,0
6/5/2020 0:15,4136001,iq8k7ZNt4Mwm3w0,24.0563783,22.68783163,0
6/5/2020 0:30,4136001,iq8k7ZNt4Mwm3w0,23.76232197,22.1119722,0
6/5/2020 0:45,4136001,iq8k7ZNt4Mwm3w0,23.6082511,21.82379576,0
6/5/2020 1:00,4136001,iq8k7ZNt4Mwm3w0,23.51825867,21.77961947,0
6/5/2020 1:15,4136001,iq8k7ZNt4Mwm3w0,23.33924814,21.60733052,0
6/5/2020 1:30,4136001,iq8k7ZNt4Mwm3w0,23.214794,21.53066503,0
6/5/2020 1:45,4136001,iq8k7ZNt4Mwm3w0,23.10018397,21.41239313,0
6/5/2020 2:00,4136001,iq8k7ZNt4Mwm3w0,23.03813328,21.36666555,0
6/5/2020 2:15,4136001,iq8k7ZNt4Mwm3w0,23.07326037,21.4672293,0
6/5/2020 2:30,4136001,iq8k7ZNt4Mwm3w0,23.01282676,21.44358134,0
6/5/2020 2:45,4136001,iq8k7ZNt4Mwm3w0,23.01849957,21.6443869,0
6/5/2020 3:00,4136001,iq8k7ZNt4Mwm3w0,23.08287293,21.87228917,0
6/5/2020 3:15,4136001,iq8k7ZNt4Mwm3w0,23.14973,22.04814953,0
6/5/2020 3:30,4136001,iq8k7ZNt4Mwm3w0,23.20486172,22.07574655,0
6/5/2020 3:45,4136001,iq8k7ZNt4Mwm3w0,23.2978301,21.96477977,0
6/5/2020 4:00,4136001,iq8k7ZNt4Mwm3w0,23.39066483,21.92678637,0
6/5/2020 4:15,4136001,iq8k7ZNt4Mwm3w0,23.48055724,22.33335507,0
6/5/2020 4:30,4136001,iq8k7ZNt4Mwm3w0,23.5410431,22.62900887,0
6/5/2020 4:45,4136001,iq8k7ZNt4Mwm3w0,23.5503981,22.65895241,0
6/5/2020 5:00,4136001,iq8k7ZNt4Mwm3w0,23.47985247,22.4354817,0
6/5/2020 5:15,4136001,iq8k7ZNt4Mwm3w0,23.5089689,22.6392059,0
6/5/2020 5:30,4136001,iq8k7ZNt4Mwm3w0,23.51972897,22.71437331,0
6/5/2020 5:45,4136001,iq8k7ZNt4Mwm3w0,23.48227857,22.69325357,0.000946965
6/5/2020 6:00,4136001,iq8k7ZNt4Mwm3w0,23.48507603,22.86181545,0.006188787
6/5/2020 6:15,4136001,iq8k7ZNt4Mwm3w0,23.5497906,23.19854327,0.022020529
6/5/2020 6:30,4136001,iq8k7ZNt4Mwm3w0,23.61107887,23.60451457,0.044150446
6/5/2020 6:45,4136001,iq8k7ZNt4Mwm3w0,23.88723224,24.89371883,0.087762215
6/5/2020 7:00,4136001,iq8k7ZNt4Mwm3w0,24.3056306,26.72795607,0.122338714
6/5/2020 7:15,4136001,iq8k7ZNt4Mwm3w0,24.5890412,28.13851613,0.140262461
6/5/2020 7:30,4136001,iq8k7ZNt4Mwm3w0,24.88843397,29.01180514,0.154918873
6/5/2020 7:45,4136001,iq8k7ZNt4Mwm3w0,24.9963226,29.5161509,0.200846841
6/5/2020 8:00,4136001,iq8k7ZNt4Mwm3w0,25.38429097,31.10287369,0.216085614
6/5/2020 8:15,4136001,iq8k7ZNt4Mwm3w0,25.93055617,34.08056027,0.388825318
6/5/2020 8:30,4136001,iq8k7ZNt4Mwm3w0,26.91364879,40.74174141,0.569942412
6/5/2020 8:45,4136001,iq8k7ZNt4Mwm3w0,27.55310173,43.09634683,0.510622995
6/5/2020 9:00,4136001,iq8k7ZNt4Mwm3w0,27.47461143,40.47210883,0.521611014
6/5/2020 9:15,4136001,iq8k7ZNt4Mwm3w0,28.37537462,45.23055914,0.829501283
6/5/2020 9:30,4136001,iq8k7ZNt4Mwm3w0,28.9215555,48.03612473,0.737069957
6/5/2020 9:45,4136001,iq8k7ZNt4Mwm3w0,29.35511203,47.91289652,0.759448911
6/5/2020 10:00,4136001,iq8k7ZNt4Mwm3w0,29.86094777,51.5000714,0.81171927
6/5/2020 10:15,4136001,iq8k7ZNt4Mwm3w0,30.15575228,50.61020517,0.847061086
6/5/2020 10:30,4136001,iq8k7ZNt4Mwm3w0,30.86852617,57.25780413,0.920943338
6/5/2020 10:45,4136001,iq8k7ZNt4Mwm3w0,31.09584428,57.40067255,0.893084413
6/5/2020 11:00,4136001,iq8k7ZNt4Mwm3w0,31.44439172,58.12696683,0.916478468
6/5/2020 11:15,4136001,iq8k7ZNt4Mwm3w0,31.800298,56.2067282,0.940113346
6/5/2020 11:30,4136001,iq8k7ZNt4Mwm3w0,32.135494,57.79458213,0.85673887
6/5/2020 11:45,4136001,iq8k7ZNt4Mwm3w0,31.1443239,45.17489597,0.376994479
6/5/2020 12:00,4136001,iq8k7ZNt4Mwm3w0,31.85498457,51.42422273,0.986755757
6/5/2020 12:15,4136001,iq8k7ZNt4Mwm3w0,32.97867466,59.29117017,0.9660673
6/5/2020 12:30,4136001,iq8k7ZNt4Mwm3w0,33.09526663,59.62057593,0.989781671
6/5/2020 12:45,4136001,iq8k7ZNt4Mwm3w0,33.23081797,59.02635359,0.765350568
6/5/2020 13:00,4136001,iq8k7ZNt4Mwm3w0,33.12394727,52.78040237,0.733934033
6/5/2020 13:15,4136001,iq8k7ZNt4Mwm3w0,33.69049059,58.17828634,1.041016201
6/5/2020 13:30,4136001,iq8k7ZNt4Mwm3w0,32.81328523,49.79073483,0.347047265
6/5/2020 13:45,4136001,iq8k7ZNt4Mwm3w0,30.93428653,36.94432173,0.206207219
6/5/2020 14:00,4136001,iq8k7ZNt4Mwm3w0,29.49830576,33.69434131,0.240509611
6/5/2020 14:15,4136001,iq8k7ZNt4Mwm3w0,29.63805437,34.26934707,0.284875011
6/5/2020 14:30,4136001,iq8k7ZNt4Mwm3w0,30.18035472,36.60531838,0.34828285
6/5/2020 14:45,4136001,iq8k7ZNt4Mwm3w0,30.37978317,35.84586903,0.255718077
6/5/2020 15:00,4136001,iq8k7ZNt4Mwm3w0,29.51141866,35.19934614,0.314541873
6/5/2020 15:15,4136001,iq8k7ZNt4Mwm3w0,29.5352619,36.87200747,0.38436899
6/5/2020 15:30,4136001,iq8k7ZNt4Mwm3w0,29.2331081,36.75918269,0.33750913
6/5/2020 15:45,4136001,iq8k7ZNt4Mwm3w0,29.07161767,34.94572447,0.255288739
6/5/2020 16:00,4136001,iq8k7ZNt4Mwm3w0,29.29557938,34.45811331,0.230286173
6/5/2020 16:15,4136001,iq8k7ZNt4Mwm3w0,29.4290526,34.010382,0.224739998
6/5/2020 16:30,4136001,iq8k7ZNt4Mwm3w0,30.14625143,35.39622017,0.338446496
6/5/2020 16:45,4136001,iq8k7ZNt4Mwm3w0,31.83841052,41.18944569,0.39938994
6/5/2020 17:00,4136001,iq8k7ZNt4Mwm3w0,31.01463672,37.41396059,0.288733524
6/5/2020 17:15,4136001,iq8k7ZNt4Mwm3w0,30.78587327,35.49428417,0.203426019
6/5/2020 17:30,4136001,iq8k7ZNt4Mwm3w0,30.21943724,32.59782676,0.129202366
6/5/2020 17:45,4136001,iq8k7ZNt4Mwm3w0,30.0372426,31.97617083,0.122307163
6/5/2020 18:00,4136001,iq8k7ZNt4Mwm3w0,29.2666899,29.94984593,0.052823121
6/5/2020 18:15,4136001,iq8k7ZNt4Mwm3w0,28.38648067,28.26775507,0.028108941
6/5/2020 18:30,4136001,iq8k7ZNt4Mwm3w0,28.04684669,27.30483272,0.013956196
6/5/2020 18:45,4136001,iq8k7ZNt4Mwm3w0,27.9624705,26.97316593,0.002251485
6/5/2020 19:00,4136001,iq8k7ZNt4Mwm3w0,27.811192,26.97614783,0
6/5/2020 19:15,4136001,iq8k7ZNt4Mwm3w0,27.6333039,26.9026762,0
6/5/2020 19:30,4136001,iq8k7ZNt4Mwm3w0,27.51082545,26.62929245,0
6/5/2020 19:45,4136001,iq8k7ZNt4Mwm3w0,27.45394937,26.54800013,0
6/5/2020 20:00,4136001,iq8k7ZNt4Mwm3w0,27.25585827,26.33677163,0
6/5/2020 20:15,4136001,iq8k7ZNt4Mwm3w0,26.938065,25.62583445,0
6/5/2020 20:30,4136001,iq8k7ZNt4Mwm3w0,26.71230397,25.2134765,0
6/5/2020 20:45,4136001,iq8k7ZNt4Mwm3w0,26.51872724,25.01957121,0
6/5/2020 21:00,4136001,iq8k7ZNt4Mwm3w0,26.30304063,24.75647483,0
6/5/2020 21:15,4136001,iq8k7ZNt4Mwm3w0,26.12902621,24.53709872,0
6/5/2020 21:30,4136001,iq8k7ZNt4Mwm3w0,25.94281727,24.31880593,0
6/5/2020 21:45,4136001,iq8k7ZNt4Mwm3w0,25.79255617,24.15276476,0
6/5/2020 22:00,4136001,iq8k7ZNt4Mwm3w0,25.5582213,23.9446586,0
6/5/2020 22:15,4136001,iq8k7ZNt4Mwm3w0,25.35404553,23.63304447,0
6/5/2020 22:30,4136001,iq8k7ZNt4Mwm3w0,25.24506869,23.50212369,0
6/5/2020 22:45,4136001,iq8k7ZNt4Mwm3w0,25.0918865,23.4060833,0
6/5/2020 23:00,4136001,iq8k7ZNt4Mwm3w0,24.8718671,23.09075197,0
6/5/2020 23:15,4136001,iq8k7ZNt4Mwm3w0,24.56619367,22.65855713,0
6/5/2020 23:30,4136001,iq8k7ZNt4Mwm3w0,24.2827841,22.1539898,0
6/5/2020 23:45,4136001,iq8k7ZNt4Mwm3w0,24.27867286,22.05991021,0
6/6/2020 0:00,4136001,iq8k7ZNt4Mwm3w0,24.25770741,22.23534645,0
6/6/2020 0:15,4136001,iq8k7ZNt4Mwm3w0,24.15239563,22.20056783,0
6/6/2020 0:30,4136001,iq8k7ZNt4Mwm3w0,24.01605237,22.0070414,0
6/6/2020 0:45,4136001,iq8k7ZNt4Mwm3w0,23.65134203,21.56589262,0
6/6/2020 1:00,4136001,iq8k7ZNt4Mwm3w0,23.35776577,21.0108591,0
6/6/2020 1:15,4136001,iq8k7ZNt4Mwm3w0,23.18593341,20.85564748,0
6/6/2020 1:30,4136001,iq8k7ZNt4Mwm3w0,23.3137644,21.18087757,0
6/6/2020 1:45,4136001,iq8k7ZNt4Mwm3w0,23.39357937,21.34138383,0
6/6/2020 2:00,4136001,iq8k7ZNt4Mwm3w0,23.459977,21.39655597,0
6/6/2020 2:15,4136001,iq8k7ZNt4Mwm3w0,23.5872457,21.49099637,0
6/6/2020 2:30,4136001,iq8k7ZNt4Mwm3w0,23.59115072,21.61104521,0
6/6/2020 2:45,4136001,iq8k7ZNt4Mwm3w0,23.64807347,21.75015983,0
6/6/2020 3:00,4136001,iq8k7ZNt4Mwm3w0,23.58480017,21.64393913,0
6/6/2020 3:15,4136001,iq8k7ZNt4Mwm3w0,23.49415548,21.50768945,0
6/6/2020 3:30,4136001,iq8k7ZNt4Mwm3w0,23.26166603,21.1863811,0
6/6/2020 3:45,4136001,iq8k7ZNt4Mwm3w0,23.11523238,21.0888409,0
6/6/2020 4:00,4136001,iq8k7ZNt4Mwm3w0,22.9585633,20.93568927,0
6/6/2020 4:15,4136001,iq8k7ZNt4Mwm3w0,22.94561557,20.97243453,0
6/6/2020 4:30,4136001,iq8k7ZNt4Mwm3w0,22.83003055,20.66645752,0
6/6/2020 4:45,4136001,iq8k7ZNt4Mwm3w0,22.6714178,20.41007183,0
6/6/2020 5:00,4136001,iq8k7ZNt4Mwm3w0,22.49378807,20.26512307,0
6/6/2020 5:15,4136001,iq8k7ZNt4Mwm3w0,22.4207661,20.66764827,0
6/6/2020 5:30,4136001,iq8k7ZNt4Mwm3w0,22.75298453,21.61125287,0.000170198
6/6/2020 5:45,4136001,iq8k7ZNt4Mwm3w0,22.99405114,22.17419548,0.002218705
6/6/2020 6:00,4136001,iq8k7ZNt4Mwm3w0,23.30265907,22.519347,0.011217698
6/6/2020 6:15,4136001,iq8k7ZNt4Mwm3w0,23.43739821,22.59834555,0.039975013
6/6/2020 6:30,4136001,iq8k7ZNt4Mwm3w0,23.51485103,22.78339337,0.066974279
6/6/2020 6:45,4136001,iq8k7ZNt4Mwm3w0,23.76325887,23.5155965,0.099031433
6/6/2020 7:00,4136001,iq8k7ZNt4Mwm3w0,23.98808666,23.94391497,0.103558099
6/6/2020 7:15,4136001,iq8k7ZNt4Mwm3w0,24.45689707,25.51412863,0.126460924
6/6/2020 7:30,4136001,iq8k7ZNt4Mwm3w0,24.78675366,27.661382,0.092693509
6/6/2020 7:45,4136001,iq8k7ZNt4Mwm3w0,25.03094183,27.78804517,0.098474965
6/6/2020 8:00,4136001,iq8k7ZNt4Mwm3w0,25.49413963,29.939917,0.30686621
6/6/2020 8:15,4136001,iq8k7ZNt4Mwm3w0,26.39480386,34.884872,0.437950496
6/6/2020 8:30,4136001,iq8k7ZNt4Mwm3w0,26.75089648,36.62601552,0.523857548
6/6/2020 8:45,4136001,iq8k7ZNt4Mwm3w0,27.5499278,40.55805867,0.607009627
6/6/2020 9:00,4136001,iq8k7ZNt4Mwm3w0,28.04765997,43.36259076,0.686030311
6/6/2020 9:15,4136001,iq8k7ZNt4Mwm3w0,28.78070263,45.03109233,0.634352044
6/6/2020 9:30,4136001,iq8k7ZNt4Mwm3w0,29.18017166,46.954691,0.793580312
6/6/2020 9:45,4136001,iq8k7ZNt4Mwm3w0,29.72554723,48.61546923,0.777368767
6/6/2020 10:00,4136001,iq8k7ZNt4Mwm3w0,30.04159645,48.64038486,0.81950568
6/6/2020 10:15,4136001,iq8k7ZNt4Mwm3w0,30.4657582,50.2786683,0.930445173
6/6/2020 10:30,4136001,iq8k7ZNt4Mwm3w0,30.91483697,52.22521124,0.904774251
6/6/2020 10:45,4136001,iq8k7ZNt4Mwm3w0,31.2275971,51.4387622,0.778104314
6/6/2020 11:00,4136001,iq8k7ZNt4Mwm3w0,31.3708192,51.4211039,0.898635136
6/6/2020 11:15,4136001,iq8k7ZNt4Mwm3w0,31.71385662,50.96932248,0.966507032
6/6/2020 11:30,4136001,iq8k7ZNt4Mwm3w0,31.84696547,51.40178017,0.919652956
6/6/2020 11:45,4136001,iq8k7ZNt4Mwm3w0,31.97383903,50.84958952,0.685017919
6/6/2020 12:00,4136001,iq8k7ZNt4Mwm3w0,31.96285087,47.906496,0.76789856
6/6/2020 12:15,4136001,iq8k7ZNt4Mwm3w0,32.69831372,54.08856197,1.057177323
6/6/2020 12:30,4136001,iq8k7ZNt4Mwm3w0,33.20548627,54.56092647,0.933371418
6/6/2020 12:45,4136001,iq8k7ZNt4Mwm3w0,32.9319529,51.8567483,0.73354467
6/6/2020 13:00,4136001,iq8k7ZNt4Mwm3w0,32.71797124,48.90678352,0.734147833
6/6/2020 13:15,4136001,iq8k7ZNt4Mwm3w0,33.10804743,50.9386718,0.679820077
6/6/2020 13:30,4136001,iq8k7ZNt4Mwm3w0,32.78759552,44.116876,0.49516246
6/6/2020 13:45,4136001,iq8k7ZNt4Mwm3w0,33.4018272,50.22457697,0.961556494
6/6/2020 14:00,4136001,iq8k7ZNt4Mwm3w0,33.672831,50.96203513,0.732432072
6/6/2020 14:15,4136001,iq8k7ZNt4Mwm3w0,33.70628807,48.71173607,0.590213329
6/6/2020 14:30,4136001,iq8k7ZNt4Mwm3w0,33.37743563,46.94832373,0.603446824
6/6/2020 14:45,4136001,iq8k7ZNt4Mwm3w0,33.908866,50.27579266,0.780935014
6/6/2020 15:00,4136001,iq8k7ZNt4Mwm3w0,34.1249076,50.73483563,0.7187795
6/6/2020 15:15,4136001,iq8k7ZNt4Mwm3w0,33.74583143,45.24380717,0.494922166
6/6/2020 15:30,4136001,iq8k7ZNt4Mwm3w0,33.55847272,43.63759317,0.462542562
6/6/2020 15:45,4136001,iq8k7ZNt4Mwm3w0,33.7285208,43.85829163,0.431483916
6/6/2020 16:00,4136001,iq8k7ZNt4Mwm3w0,33.60346197,43.50400714,0.461000388
6/6/2020 16:15,4136001,iq8k7ZNt4Mwm3w0,33.71494043,42.38712887,0.432797692
6/6/2020 16:30,4136001,iq8k7ZNt4Mwm3w0,33.60099114,41.21095117,0.386701731
6/6/2020 16:45,4136001,iq8k7ZNt4Mwm3w0,33.65789507,40.12103707,0.33048664
6/6/2020 17:00,4136001,iq8k7ZNt4Mwm3w0,33.36201869,38.7087749,0.265678036
6/6/2020 17:15,4136001,iq8k7ZNt4Mwm3w0,33.07268887,37.0569204,0.208211465
6/6/2020 17:30,4136001,iq8k7ZNt4Mwm3w0,32.42556941,34.9984869,0.145503933
6/6/2020 17:45,4136001,iq8k7ZNt4Mwm3w0,31.98188457,33.54472243,0.114737274
6/6/2020 18:00,4136001,iq8k7ZNt4Mwm3w0,31.5247966,32.09003803,0.071569598
6/6/2020 18:15,4136001,iq8k7ZNt4Mwm3w0,30.77852331,30.55973224,0.03898931
6/6/2020 18:30,4136001,iq8k7ZNt4Mwm3w0,30.2812236,29.55416657,0.018038148
6/6/2020 18:45,4136001,iq8k7ZNt4Mwm3w0,29.74158017,28.65536179,0.002159694
6/6/2020 19:00,4136001,iq8k7ZNt4Mwm3w0,29.31851087,27.892811,0
6/6/2020 19:15,4136001,iq8k7ZNt4Mwm3w0,28.99656524,27.53460593,0
6/6/2020 19:30,4136001,iq8k7ZNt4Mwm3w0,28.65788573,27.18081767,0
6/6/2020 19:45,4136001,iq8k7ZNt4Mwm3w0,28.30447703,26.7772879,0
6/6/2020 20:00,4136001,iq8k7ZNt4Mwm3w0,27.94598793,26.59578033,0
6/6/2020 20:15,4136001,iq8k7ZNt4Mwm3w0,27.28807434,26.09420031,0
6/6/2020 20:30,4136001,iq8k7ZNt4Mwm3w0,26.9000774,25.64304707,0
6/6/2020 20:45,4136001,iq8k7ZNt4Mwm3w0,26.50846493,25.12200928,0
6/6/2020 21:00,4136001,iq8k7ZNt4Mwm3w0,26.1909464,24.84469293,0
6/6/2020 21:15,4136001,iq8k7ZNt4Mwm3w0,25.930951,24.55359193,0
6/6/2020 21:30,4136001,iq8k7ZNt4Mwm3w0,25.63206524,24.26279,0
6/6/2020 21:45,4136001,iq8k7ZNt4Mwm3w0,25.3672495,24.02985653,0
6/6/2020 22:00,4136001,iq8k7ZNt4Mwm3w0,25.17757234,23.72428221,0
6/6/2020 22:15,4136001,iq8k7ZNt4Mwm3w0,25.0475006,23.53421533,0
6/6/2020 22:30,4136001,iq8k7ZNt4Mwm3w0,24.92164445,23.52422248,0
6/6/2020 22:45,4136001,iq8k7ZNt4Mwm3w0,24.808846,23.3340862,0
6/6/2020 23:00,4136001,iq8k7ZNt4Mwm3w0,24.802835,23.34043683,0
6/6/2020 23:15,4136001,iq8k7ZNt4Mwm3w0,24.73290059,23.273788,0
6/6/2020 23:30,4136001,iq8k7ZNt4Mwm3w0,24.57907727,22.9552134,0
6/6/2020 23:45,4136001,iq8k7ZNt4Mwm3w0,24.53218869,22.79963734,0
6/7/2020 0:00,4136001,iq8k7ZNt4Mwm3w0,24.3857169,22.6190379,0
6/7/2020 0:15,4136001,iq8k7ZNt4Mwm3w0,24.3921745,22.68897287,0
6/7/2020 0:30,4136001,iq8k7ZNt4Mwm3w0,24.35904583,22.7349591,0
6/7/2020 0:45,4136001,iq8k7ZNt4Mwm3w0,24.39169427,22.95856007,0
6/7/2020 1:00,4136001,iq8k7ZNt4Mwm3w0,24.30218728,22.82780428,0
6/7/2020 1:15,4136001,iq8k7ZNt4Mwm3w0,24.34261387,22.8325115,0
6/7/2020 1:30,4136001,iq8k7ZNt4Mwm3w0,24.3064719,22.95313817,0
6/7/2020 1:45,4136001,iq8k7ZNt4Mwm3w0,24.19485366,22.86206159,0
6/7/2020 2:00,4136001,iq8k7ZNt4Mwm3w0,23.98508817,22.5050568,0
6/7/2020 2:15,4136001,iq8k7ZNt4Mwm3w0,23.82529931,22.1662861,0
6/7/2020 2:30,4136001,iq8k7ZNt4Mwm3w0,23.66429137,21.83067017,0
6/7/2020 2:45,4136001,iq8k7ZNt4Mwm3w0,23.31627113,21.21817117,0
6/7/2020 3:00,4136001,iq8k7ZNt4Mwm3w0,23.14063131,21.03762197,0
6/7/2020 3:15,4136001,iq8k7ZNt4Mwm3w0,23.05650223,21.10172527,0
6/7/2020 3:30,4136001,iq8k7ZNt4Mwm3w0,23.40889041,21.518098,0
6/7/2020 3:45,4136001,iq8k7ZNt4Mwm3w0,23.64617523,22.12905887,7.68E-06
6/7/2020 4:00,4136001,iq8k7ZNt4Mwm3w0,23.873299,23.0493317,9.09E-05
6/7/2020 4:15,4136001,iq8k7ZNt4Mwm3w0,23.92561469,23.24236866,0
6/7/2020 4:30,4136001,iq8k7ZNt4Mwm3w0,23.99588027,23.3759725,0
6/7/2020 4:45,4136001,iq8k7ZNt4Mwm3w0,23.93255503,23.03222253,0
6/7/2020 5:00,4136001,iq8k7ZNt4Mwm3w0,23.76671407,22.60882572,0
6/7/2020 5:15,4136001,iq8k7ZNt4Mwm3w0,23.3882874,22.1521474,0
6/7/2020 5:30,4136001,iq8k7ZNt4Mwm3w0,23.31373966,22.20552031,0
6/7/2020 5:45,4136001,iq8k7ZNt4Mwm3w0,23.3040925,22.27775693,0.002005197
6/7/2020 6:00,4136001,iq8k7ZNt4Mwm3w0,23.32777497,22.42405897,0.011798439
6/7/2020 6:15,4136001,iq8k7ZNt4Mwm3w0,23.45449214,22.84335117,0.030336128
6/7/2020 6:30,4136001,iq8k7ZNt4Mwm3w0,23.67883903,23.67922167,0.049459285
6/7/2020 6:45,4136001,iq8k7ZNt4Mwm3w0,23.86175731,24.52391324,0.054603354
6/7/2020 7:00,4136001,iq8k7ZNt4Mwm3w0,24.02932653,25.3220702,0.070329871
6/7/2020 7:15,4136001,iq8k7ZNt4Mwm3w0,24.34521387,26.29204303,0.090926888
6/7/2020 7:30,4136001,iq8k7ZNt4Mwm3w0,24.66438766,27.79724752,0.146789593
6/7/2020 7:45,4136001,iq8k7ZNt4Mwm3w0,25.2397206,30.73323673,0.226475932
6/7/2020 8:00,4136001,iq8k7ZNt4Mwm3w0,25.77827624,32.73560607,0.219998467
6/7/2020 8:15,4136001,iq8k7ZNt4Mwm3w0,25.90260323,33.6588633,0.32114851
6/7/2020 8:30,4136001,iq8k7ZNt4Mwm3w0,26.49719124,36.86738248,0.344062163
6/7/2020 8:45,4136001,iq8k7ZNt4Mwm3w0,27.04438073,39.0137531,0.51382647
6/7/2020 9:00,4136001,iq8k7ZNt4Mwm3w0,27.66793203,40.9916006,0.537307325
6/7/2020 9:15,4136001,iq8k7ZNt4Mwm3w0,28.49463521,43.0107389,0.710892114
6/7/2020 9:30,4136001,iq8k7ZNt4Mwm3w0,29.14006153,49.17093513,0.812559088
6/7/2020 9:45,4136001,iq8k7ZNt4Mwm3w0,30.20382141,53.47384431,0.846722509
6/7/2020 10:00,4136001,iq8k7ZNt4Mwm3w0,30.35451043,54.12945963,0.872659641
6/7/2020 10:15,4136001,iq8k7ZNt4Mwm3w0,30.91061086,55.75518159,0.937567895
6/7/2020 10:30,4136001,iq8k7ZNt4Mwm3w0,31.14486897,53.88275477,0.799279896
6/7/2020 10:45,4136001,iq8k7ZNt4Mwm3w0,30.65661213,47.68844997,0.587201419
6/7/2020 11:00,4136001,iq8k7ZNt4Mwm3w0,30.80270493,48.107687,0.660778292
6/7/2020 11:15,4136001,iq8k7ZNt4Mwm3w0,31.27982993,49.56139227,0.791699048
6/7/2020 11:30,4136001,iq8k7ZNt4Mwm3w0,31.66923169,53.56500248,0.894563646
6/7/2020 11:45,4136001,iq8k7ZNt4Mwm3w0,31.71421197,49.82322993,0.820721953
6/7/2020 12:00,4136001,iq8k7ZNt4Mwm3w0,32.6134541,56.4314111,0.940101187
6/7/2020 12:15,4136001,iq8k7ZNt4Mwm3w0,32.8434731,56.15691227,1.031367188
6/7/2020 12:30,4136001,iq8k7ZNt4Mwm3w0,33.3942382,60.12068173,1.060821653
6/7/2020 12:45,4136001,iq8k7ZNt4Mwm3w0,32.9240819,55.86176493,0.796655019
6/7/2020 13:00,4136001,iq8k7ZNt4Mwm3w0,32.72522613,50.91557607,0.685953002
6/7/2020 13:15,4136001,iq8k7ZNt4Mwm3w0,33.03033252,49.41436466,0.797310244
6/7/2020 13:30,4136001,iq8k7ZNt4Mwm3w0,33.60120353,53.343462,0.710656442
6/7/2020 13:45,4136001,iq8k7ZNt4Mwm3w0,33.778215,54.16132221,0.798034143
6/7/2020 14:00,4136001,iq8k7ZNt4Mwm3w0,33.45499553,53.97550667,0.793763574
6/7/2020 14:15,4136001,iq8k7ZNt4Mwm3w0,32.81668507,50.00570463,0.739974206
6/7/2020 14:30,4136001,iq8k7ZNt4Mwm3w0,33.38520341,52.575669,0.74107016
6/7/2020 14:45,4136001,iq8k7ZNt4Mwm3w0,33.7029401,52.67560217,0.734267409
6/7/2020 15:00,4136001,iq8k7ZNt4Mwm3w0,33.60650645,48.54692334,0.545683244
6/7/2020 15:15,4136001,iq8k7ZNt4Mwm3w0,33.931534,49.6021231,0.588649865
6/7/2020 15:30,4136001,iq8k7ZNt4Mwm3w0,34.03528107,49.24357441,0.569396825
6/7/2020 15:45,4136001,iq8k7ZNt4Mwm3w0,33.7225525,46.058663,0.43845091
6/7/2020 16:00,4136001,iq8k7ZNt4Mwm3w0,32.03042097,37.55164403,0.173916719
6/7/2020 16:15,4136001,iq8k7ZNt4Mwm3w0,30.78578238,32.54686438,0.347376303
6/7/2020 16:30,4136001,iq8k7ZNt4Mwm3w0,31.26493637,36.13893117,0.228877929
6/7/2020 16:45,4136001,iq8k7ZNt4Mwm3w0,31.39393369,33.76577124,0.131983367
6/7/2020 17:00,4136001,iq8k7ZNt4Mwm3w0,31.5385315,34.34889863,0.223034526
6/7/2020 17:15,4136001,iq8k7ZNt4Mwm3w0,31.88112573,35.582541,0.194211601
6/7/2020 17:30,4136001,iq8k7ZNt4Mwm3w0,31.70461914,34.33335421,0.161588177
6/7/2020 17:45,4136001,iq8k7ZNt4Mwm3w0,31.4926077,33.12576497,0.114641266
6/7/2020 18:00,4136001,iq8k7ZNt4Mwm3w0,31.15442824,31.56236962,0.068102984
6/7/2020 18:15,4136001,iq8k7ZNt4Mwm3w0,30.51208193,30.23402087,0.042238371
6/7/2020 18:30,4136001,iq8k7ZNt4Mwm3w0,29.77864428,29.07385993,0.019249668
6/7/2020 18:45,4136001,iq8k7ZNt4Mwm3w0,29.29894417,28.245228,0.003731581
6/7/2020 19:00,4136001,iq8k7ZNt4Mwm3w0,28.9192829,27.5814371,2.56E-05
6/7/2020 19:15,4136001,iq8k7ZNt4Mwm3w0,28.54377697,27.12873793,0
6/7/2020 19:30,4136001,iq8k7ZNt4Mwm3w0,28.2098145,26.85495193,0
6/7/2020 19:45,4136001,iq8k7ZNt4Mwm3w0,28.01138,26.64253907,0
6/7/2020 20:00,4136001,iq8k7ZNt4Mwm3w0,27.74761037,26.29877737,0
6/7/2020 20:15,4136001,iq8k7ZNt4Mwm3w0,27.48150217,26.08121555,0
6/7/2020 20:30,4136001,iq8k7ZNt4Mwm3w0,27.15264367,25.8109556,0
6/7/2020 20:45,4136001,iq8k7ZNt4Mwm3w0,26.81737245,25.502152,0
6/7/2020 21:00,4136001,iq8k7ZNt4Mwm3w0,26.63145937,25.25510847,0
6/7/2020 21:15,4136001,iq8k7ZNt4Mwm3w0,26.52411093,25.14388614,0
6/7/2020 21:30,4136001,iq8k7ZNt4Mwm3w0,26.3899577,25.03873887,0
6/7/2020 21:45,4136001,iq8k7ZNt4Mwm3w0,26.28570472,24.95461814,0
6/7/2020 22:00,4136001,iq8k7ZNt4Mwm3w0,26.12868753,24.8407493,0
6/7/2020 22:15,4136001,iq8k7ZNt4Mwm3w0,26.03508303,24.78020147,0
6/7/2020 22:30,4136001,iq8k7ZNt4Mwm3w0,25.86431059,24.63717221,0
6/7/2020 22:45,4136001,iq8k7ZNt4Mwm3w0,25.65266107,24.3556925,0
6/7/2020 23:00,4136001,iq8k7ZNt4Mwm3w0,25.51786097,24.23969134,0
6/7/2020 23:15,4136001,iq8k7ZNt4Mwm3w0,25.37638427,24.02186387,0
6/7/2020 23:30,4136001,iq8k7ZNt4Mwm3w0,25.25346228,23.74711138,0
6/7/2020 23:45,4136001,iq8k7ZNt4Mwm3w0,25.12718827,23.5922253,0
6/8/2020 0:00,4136001,iq8k7ZNt4Mwm3w0,24.99394166,23.46560569,0
6/8/2020 0:15,4136001,iq8k7ZNt4Mwm3w0,24.85296513,23.28204263,0
6/8/2020 0:30,4136001,iq8k7ZNt4Mwm3w0,24.74943152,23.03102479,0
6/8/2020 0:45,4136001,iq8k7ZNt4Mwm3w0,24.5821158,22.69934697,0
6/8/2020 1:00,4136001,iq8k7ZNt4Mwm3w0,24.47145876,22.48464652,0
6/8/2020 1:15,4136001,iq8k7ZNt4Mwm3w0,24.42198093,22.50936593,0
6/8/2020 1:30,4136001,iq8k7ZNt4Mwm3w0,24.31886607,22.5281493,0
6/8/2020 1:45,4136001,iq8k7ZNt4Mwm3w0,24.23315852,22.51216286,0
6/8/2020 2:00,4136001,iq8k7ZNt4Mwm3w0,24.1686308,22.46971037,0
6/8/2020 2:15,4136001,iq8k7ZNt4Mwm3w0,24.18208269,22.57848183,0
6/8/2020 2:30,4136001,iq8k7ZNt4Mwm3w0,24.2773612,23.1083049,0
6/8/2020 2:45,4136001,iq8k7ZNt4Mwm3w0,24.48849293,23.68562743,0
6/8/2020 3:00,4136001,iq8k7ZNt4Mwm3w0,24.46168159,23.49913938,0
6/8/2020 3:15,4136001,iq8k7ZNt4Mwm3w0,24.35106613,23.05884607,0
6/8/2020 3:30,4136001,iq8k7ZNt4Mwm3w0,24.27304917,22.99358486,0
6/8/2020 3:45,4136001,iq8k7ZNt4Mwm3w0,24.2857036,23.15494693,0
6/8/2020 4:00,4136001,iq8k7ZNt4Mwm3w0,24.31489577,23.3794363,0
6/8/2020 4:15,4136001,iq8k7ZNt4Mwm3w0,24.18538107,23.00484143,0
6/8/2020 4:30,4136001,iq8k7ZNt4Mwm3w0,24.2595317,23.46670947,0
6/8/2020 4:45,4136001,iq8k7ZNt4Mwm3w0,24.27612638,23.49121834,0
6/8/2020 5:00,4136001,iq8k7ZNt4Mwm3w0,24.22245577,23.3793477,0
6/8/2020 5:15,4136001,iq8k7ZNt4Mwm3w0,24.25752373,23.65862957,0
6/8/2020 5:30,4136001,iq8k7ZNt4Mwm3w0,23.9850749,22.63369324,0
6/8/2020 5:45,4136001,iq8k7ZNt4Mwm3w0,23.98662827,23.03793643,0.00185286
6/8/2020 6:00,4136001,iq8k7ZNt4Mwm3w0,24.20506034,23.79898934,0.014655161
6/8/2020 6:15,4136001,iq8k7ZNt4Mwm3w0,24.3312146,23.9384053,0.039224769
6/8/2020 6:30,4136001,iq8k7ZNt4Mwm3w0,24.51736352,24.58581652,0.065992692
6/8/2020 6:45,4136001,iq8k7ZNt4Mwm3w0,24.8456013,25.58010347,0.088949184
6/8/2020 7:00,4136001,iq8k7ZNt4Mwm3w0,25.22401317,27.11620573,0.195085052
6/8/2020 7:15,4136001,iq8k7ZNt4Mwm3w0,25.63099824,29.72970686,0.213616802
6/8/2020 7:30,4136001,iq8k7ZNt4Mwm3w0,25.745165,31.44875177,0.31960912
6/8/2020 7:45,4136001,iq8k7ZNt4Mwm3w0,26.18931417,34.09657983,0.378763672
6/8/2020 8:00,4136001,iq8k7ZNt4Mwm3w0,26.67700703,36.41185707,0.447805289
6/8/2020 8:15,4136001,iq8k7ZNt4Mwm3w0,26.91035207,36.49297772,0.34424033
6/8/2020 8:30,4136001,iq8k7ZNt4Mwm3w0,27.24298097,37.49083387,0.515072484
6/8/2020 8:45,4136001,iq8k7ZNt4Mwm3w0,27.50932937,37.0606384,0.360140254
6/8/2020 9:00,4136001,iq8k7ZNt4Mwm3w0,28.02982724,38.45545786,0.559821447
6/8/2020 9:15,4136001,iq8k7ZNt4Mwm3w0,28.4973913,40.13508885,0.469187451
6/8/2020 9:30,4136001,iq8k7ZNt4Mwm3w0,28.96267035,41.0923013,0.731760188
6/8/2020 9:45,4136001,iq8k7ZNt4Mwm3w0,29.46306279,43.67498875,0.808624552
6/8/2020 10:00,4136001,iq8k7ZNt4Mwm3w0,29.78904545,43.43828807,0.659905466
6/8/2020 10:15,4136001,iq8k7ZNt4Mwm3w0,30.26495467,47.16902867,0.84876619
6/8/2020 10:30,4136001,iq8k7ZNt4Mwm3w0,31.2251471,55.10767876,0.914776736
6/8/2020 10:45,4136001,iq8k7ZNt4Mwm3w0,31.23928343,51.54766013,0.726866196
6/8/2020 11:00,4136001,iq8k7ZNt4Mwm3w0,31.64478279,55.88617159,0.968234732
6/8/2020 11:15,4136001,iq8k7ZNt4Mwm3w0,31.6512615,53.7436543,0.827096191
6/8/2020 11:30,4136001,iq8k7ZNt4Mwm3w0,31.93157021,54.67335772,0.945982984
6/8/2020 11:45,4136001,iq8k7ZNt4Mwm3w0,32.1303509,54.9107717,0.8896267
6/8/2020 12:00,4136001,iq8k7ZNt4Mwm3w0,32.11926062,53.07387376,0.707626559
6/8/2020 12:15,4136001,iq8k7ZNt4Mwm3w0,32.2993113,52.53112987,0.99298776
6/8/2020 12:30,4136001,iq8k7ZNt4Mwm3w0,33.37186824,57.84481583,0.975599393
6/8/2020 12:45,4136001,iq8k7ZNt4Mwm3w0,33.46882423,59.603781,0.919472782
6/8/2020 13:00,4136001,iq8k7ZNt4Mwm3w0,33.09726597,51.85124986,0.776941385
6/8/2020 13:15,4136001,iq8k7ZNt4Mwm3w0,33.37835497,50.7018586,0.618060395
6/8/2020 13:30,4136001,iq8k7ZNt4Mwm3w0,33.48709814,52.67072369,0.890712381
6/8/2020 13:45,4136001,iq8k7ZNt4Mwm3w0,33.7350513,52.3897389,0.672507619
6/8/2020 14:00,4136001,iq8k7ZNt4Mwm3w0,34.04048521,52.49896431,0.850484992
6/8/2020 14:15,4136001,iq8k7ZNt4Mwm3w0,34.30160923,55.35474557,0.837284025
6/8/2020 14:30,4136001,iq8k7ZNt4Mwm3w0,34.65148613,55.11219687,0.827266462
6/8/2020 14:45,4136001,iq8k7ZNt4Mwm3w0,34.95383221,55.212895,0.805708371
6/8/2020 15:00,4136001,iq8k7ZNt4Mwm3w0,34.52540487,52.0578676,0.583005713
6/8/2020 15:15,4136001,iq8k7ZNt4Mwm3w0,34.56790528,49.88112983,0.669891472
6/8/2020 15:30,4136001,iq8k7ZNt4Mwm3w0,34.64302177,49.4074188,0.661846403
6/8/2020 15:45,4136001,iq8k7ZNt4Mwm3w0,34.78082814,48.1810051,0.546924926
6/8/2020 16:00,4136001,iq8k7ZNt4Mwm3w0,34.5126708,44.64368767,0.455262037
6/8/2020 16:15,4136001,iq8k7ZNt4Mwm3w0,34.08037483,42.50126886,0.388601836
6/8/2020 16:30,4136001,iq8k7ZNt4Mwm3w0,33.91140243,40.4878631,0.330807467
6/8/2020 16:45,4136001,iq8k7ZNt4Mwm3w0,33.26995221,38.66062528,0.265366679
6/8/2020 17:00,4136001,iq8k7ZNt4Mwm3w0,32.76734503,36.94022733,0.237023488
6/8/2020 17:15,4136001,iq8k7ZNt4Mwm3w0,32.56407086,35.58273634,0.185709991
6/8/2020 17:30,4136001,iq8k7ZNt4Mwm3w0,32.27888297,34.6460289,0.169965204
6/8/2020 17:45,4136001,iq8k7ZNt4Mwm3w0,31.91214934,33.78610645,0.144332347
6/8/2020 18:00,4136001,iq8k7ZNt4Mwm3w0,31.7594666,32.75725097,0.104636642
6/8/2020 18:15,4136001,iq8k7ZNt4Mwm3w0,31.1259359,31.29210107,0.055995143
6/8/2020 18:30,4136001,iq8k7ZNt4Mwm3w0,30.52477714,29.99747966,0.024259651
6/8/2020 18:45,4136001,iq8k7ZNt4Mwm3w0,30.0615133,29.05479947,0.004404448
6/8/2020 19:00,4136001,iq8k7ZNt4Mwm3w0,29.65547114,28.32024624,0.000101899
6/8/2020 19:15,4136001,iq8k7ZNt4Mwm3w0,29.30558463,27.75169473,0
6/8/2020 19:30,4136001,iq8k7ZNt4Mwm3w0,29.09015752,27.33958276,0
6/8/2020 19:45,4136001,iq8k7ZNt4Mwm3w0,28.87132453,27.22231247,0
6/8/2020 20:00,4136001,iq8k7ZNt4Mwm3w0,28.65000541,27.08961852,0
6/8/2020 20:15,4136001,iq8k7ZNt4Mwm3w0,28.3504803,26.7316081,0
6/8/2020 20:30,4136001,iq8k7ZNt4Mwm3w0,27.97277514,26.25415562,0
6/8/2020 20:45,4136001,iq8k7ZNt4Mwm3w0,27.66184373,25.77665607,0
6/8/2020 21:00,4136001,iq8k7ZNt4Mwm3w0,27.4776408,25.61195567,0
6/8/2020 21:15,4136001,iq8k7ZNt4Mwm3w0,27.33257421,25.48904631,0
6/8/2020 21:30,4136001,iq8k7ZNt4Mwm3w0,27.09892367,25.3664722,0
6/8/2020 21:45,4136001,iq8k7ZNt4Mwm3w0,26.94398514,25.33045903,0
6/8/2020 22:00,4136001,iq8k7ZNt4Mwm3w0,26.79229243,25.27867297,0
6/8/2020 22:15,4136001,iq8k7ZNt4Mwm3w0,26.62834467,25.23197827,0
6/8/2020 22:30,4136001,iq8k7ZNt4Mwm3w0,26.37571866,24.89888259,0
6/8/2020 22:45,4136001,iq8k7ZNt4Mwm3w0,26.1349161,24.62502147,0
6/8/2020 23:00,4136001,iq8k7ZNt4Mwm3w0,25.89203941,24.41850121,0
6/8/2020 23:15,4136001,iq8k7ZNt4Mwm3w0,25.6843992,24.09458933,0
6/8/2020 23:30,4136001,iq8k7ZNt4Mwm3w0,25.54389433,24.06281657,0
6/8/2020 23:45,4136001,iq8k7ZNt4Mwm3w0,25.251448,23.65558921,0
6/9/2020 0:00,4136001,iq8k7ZNt4Mwm3w0,25.08985097,23.4152731,0
6/9/2020 0:15,4136001,iq8k7ZNt4Mwm3w0,24.91641952,23.18284248,0
6/9/2020 0:30,4136001,iq8k7ZNt4Mwm3w0,24.66888517,22.8615458,0
6/9/2020 0:45,4136001,iq8k7ZNt4Mwm3w0,24.47155879,22.49364603,0
6/9/2020 1:00,4136001,iq8k7ZNt4Mwm3w0,24.27383943,22.1972332,0
6/9/2020 1:15,4136001,iq8k7ZNt4Mwm3w0,24.257015,22.22368687,0
6/9/2020 1:30,4136001,iq8k7ZNt4Mwm3w0,24.24133093,22.27647779,0
6/9/2020 1:45,4136001,iq8k7ZNt4Mwm3w0,24.16173293,22.23845017,0
6/9/2020 2:00,4136001,iq8k7ZNt4Mwm3w0,24.05367431,22.11227321,0
6/9/2020 2:15,4136001,iq8k7ZNt4Mwm3w0,24.03028077,22.13809913,0
6/9/2020 2:30,4136001,iq8k7ZNt4Mwm3w0,23.77252797,21.8915213,0
6/9/2020 2:45,4136001,iq8k7ZNt4Mwm3w0,23.6097781,21.57529014,0
6/9/2020 3:00,4136001,iq8k7ZNt4Mwm3w0,23.66269553,21.65640467,0
6/9/2020 3:15,4136001,iq8k7ZNt4Mwm3w0,23.57151948,21.71079955,0
6/9/2020 3:30,4136001,iq8k7ZNt4Mwm3w0,23.44542663,21.5772287,0
6/9/2020 3:45,4136001,iq8k7ZNt4Mwm3w0,23.38027648,21.51717928,0
6/9/2020 4:00,4136001,iq8k7ZNt4Mwm3w0,23.33068247,21.41887723,0
6/9/2020 4:15,4136001,iq8k7ZNt4Mwm3w0,23.12967669,21.08328348,0
6/9/2020 4:30,4136001,iq8k7ZNt4Mwm3w0,22.96142263,20.6660725,0
6/9/2020 4:45,4136001,iq8k7ZNt4Mwm3w0,22.8572271,20.40460524,0
6/9/2020 5:00,4136001,iq8k7ZNt4Mwm3w0,22.7539153,20.31649587,0
6/9/2020 5:15,4136001,iq8k7ZNt4Mwm3w0,22.6528979,20.47749923,0
6/9/2020 5:30,4136001,iq8k7ZNt4Mwm3w0,22.73786545,20.70989455,0
6/9/2020 5:45,4136001,iq8k7ZNt4Mwm3w0,22.97723383,20.89818927,0.000792124
6/9/2020 6:00,4136001,iq8k7ZNt4Mwm3w0,23.10134286,21.18631917,0.011138535
6/9/2020 6:15,4136001,iq8k7ZNt4Mwm3w0,23.31958417,21.65850827,0.031105247
6/9/2020 6:30,4136001,iq8k7ZNt4Mwm3w0,23.57032373,22.24177043,0.056993228
6/9/2020 6:45,4136001,iq8k7ZNt4Mwm3w0,24.03708834,23.12203145,0.094443228
6/9/2020 7:00,4136001,iq8k7ZNt4Mwm3w0,24.68809407,26.04768983,0.185533031
6/9/2020 7:15,4136001,iq8k7ZNt4Mwm3w0,25.66310276,30.34559045,0.304980822
6/9/2020 7:30,4136001,iq8k7ZNt4Mwm3w0,26.30932723,33.32653273,0.393472803
6/9/2020 7:45,4136001,iq8k7ZNt4Mwm3w0,26.52304386,34.40343393,0.46030704
6/9/2020 8:00,4136001,iq8k7ZNt4Mwm3w0,26.6756205,34.63887827,0.383410838
6/9/2020 8:15,4136001,iq8k7ZNt4Mwm3w0,26.87966307,33.5333314,0.417062629
6/9/2020 8:30,4136001,iq8k7ZNt4Mwm3w0,27.64948038,37.25340955,0.530453953
6/9/2020 8:45,4136001,iq8k7ZNt4Mwm3w0,28.00272927,38.8761172,0.558522081
6/9/2020 9:00,4136001,iq8k7ZNt4Mwm3w0,28.39250455,40.26392421,0.65995724
6/9/2020 9:15,4136001,iq8k7ZNt4Mwm3w0,28.73394367,42.66937037,0.681518345
6/9/2020 9:30,4136001,iq8k7ZNt4Mwm3w0,28.85085217,41.72331493,0.696335625
6/9/2020 9:45,4136001,iq8k7ZNt4Mwm3w0,29.9784159,48.84125553,0.764489278
6/9/2020 10:00,4136001,iq8k7ZNt4Mwm3w0,29.87426745,46.25639938,0.772295126
6/9/2020 10:15,4136001,iq8k7ZNt4Mwm3w0,30.30163373,49.99048963,0.828075647
6/9/2020 10:30,4136001,iq8k7ZNt4Mwm3w0,31.10254107,55.13560752,0.876281753
6/9/2020 10:45,4136001,iq8k7ZNt4Mwm3w0,31.26416217,52.49366257,0.870108211
6/9/2020 11:00,4136001,iq8k7ZNt4Mwm3w0,31.78172138,53.44999121,0.795815187
6/9/2020 11:15,4136001,iq8k7ZNt4Mwm3w0,32.17565713,54.89165733,0.79472756
6/9/2020 11:30,4136001,iq8k7ZNt4Mwm3w0,33.00239186,58.08577869,0.941355502
6/9/2020 11:45,4136001,iq8k7ZNt4Mwm3w0,32.50164477,50.1823292,0.548044207
6/9/2020 12:00,4136001,iq8k7ZNt4Mwm3w0,32.4805186,48.01782663,0.713781534
6/9/2020 12:15,4136001,iq8k7ZNt4Mwm3w0,32.7463239,49.65918703,0.608179239
6/9/2020 12:30,4136001,iq8k7ZNt4Mwm3w0,32.6719158,46.3486226,0.499086692
6/9/2020 12:45,4136001,iq8k7ZNt4Mwm3w0,33.75495138,53.14650438,0.826669991
6/9/2020 13:00,4136001,iq8k7ZNt4Mwm3w0,33.71502977,55.152543,0.7209952
6/9/2020 13:15,4136001,iq8k7ZNt4Mwm3w0,33.20289666,46.48675741,0.584120106
6/9/2020 13:30,4136001,iq8k7ZNt4Mwm3w0,33.79395943,50.61013273,0.67014995
6/9/2020 13:45,4136001,iq8k7ZNt4Mwm3w0,33.4918909,48.92801972,0.519997295
6/9/2020 14:00,4136001,iq8k7ZNt4Mwm3w0,33.63099263,47.320751,0.541861241
6/9/2020 14:15,4136001,iq8k7ZNt4Mwm3w0,33.93226733,46.79574267,0.58656184
6/9/2020 14:30,4136001,iq8k7ZNt4Mwm3w0,33.66286576,44.45120345,0.471079859
6/9/2020 14:45,4136001,iq8k7ZNt4Mwm3w0,33.21628107,41.62258517,0.460747443
6/9/2020 15:00,4136001,iq8k7ZNt4Mwm3w0,33.44176203,41.91888224,0.469019523
6/9/2020 15:15,4136001,iq8k7ZNt4Mwm3w0,33.6994721,43.42953377,0.423279252
6/9/2020 15:30,4136001,iq8k7ZNt4Mwm3w0,33.29003159,40.94111372,0.403090129
6/9/2020 15:45,4136001,iq8k7ZNt4Mwm3w0,33.58660967,42.74431777,0.500832729
6/9/2020 16:00,4136001,iq8k7ZNt4Mwm3w0,33.0764027,42.459844,0.435199468
6/9/2020 16:15,4136001,iq8k7ZNt4Mwm3w0,33.27681252,42.83855448,0.471721658
6/9/2020 16:30,4136001,iq8k7ZNt4Mwm3w0,33.223641,42.3387199,0.403136528
6/9/2020 16:45,4136001,iq8k7ZNt4Mwm3w0,32.63428348,38.62696566,0.2255481
6/9/2020 17:00,4136001,iq8k7ZNt4Mwm3w0,32.06129237,35.7459543,0.185411752
6/9/2020 17:15,4136001,iq8k7ZNt4Mwm3w0,31.74789541,34.54536172,0.158796797
6/9/2020 17:30,4136001,iq8k7ZNt4Mwm3w0,31.54814553,33.42435617,0.114809388
6/9/2020 17:45,4136001,iq8k7ZNt4Mwm3w0,31.33795367,32.47899783,0.081151568
6/9/2020 18:00,4136001,iq8k7ZNt4Mwm3w0,30.97593417,31.48728683,0.053980175
6/9/2020 18:15,4136001,iq8k7ZNt4Mwm3w0,30.42590753,30.5566122,0.032586148
6/9/2020 18:30,4136001,iq8k7ZNt4Mwm3w0,29.78792569,29.54574486,0.015877695
6/9/2020 18:45,4136001,iq8k7ZNt4Mwm3w0,29.3878782,28.81889543,0.003095791
6/9/2020 19:00,4136001,iq8k7ZNt4Mwm3w0,29.1135703,28.39846403,3.84E-05
6/9/2020 19:15,4136001,iq8k7ZNt4Mwm3w0,28.75487117,27.9928441,0
6/9/2020 19:30,4136001,iq8k7ZNt4Mwm3w0,28.49226687,27.5837351,0
6/9/2020 19:45,4136001,iq8k7ZNt4Mwm3w0,28.32192914,27.31227586,0
6/9/2020 20:00,4136001,iq8k7ZNt4Mwm3w0,28.1371561,27.1275268,0
6/9/2020 20:15,4136001,iq8k7ZNt4Mwm3w0,28.02035638,27.04949848,0
6/9/2020 20:30,4136001,iq8k7ZNt4Mwm3w0,27.78978973,26.98568627,0
6/9/2020 20:45,4136001,iq8k7ZNt4Mwm3w0,27.56340227,26.70304357,0
6/9/2020 21:00,4136001,iq8k7ZNt4Mwm3w0,27.38564662,26.4747081,0
6/9/2020 21:15,4136001,iq8k7ZNt4Mwm3w0,27.17383313,26.23133143,0
6/9/2020 21:30,4136001,iq8k7ZNt4Mwm3w0,26.97954372,25.88630293,0
6/9/2020 21:45,4136001,iq8k7ZNt4Mwm3w0,26.803884,25.7223277,0
6/9/2020 22:00,4136001,iq8k7ZNt4Mwm3w0,26.62594179,25.58186593,0
6/9/2020 22:15,4136001,iq8k7ZNt4Mwm3w0,26.53613793,25.50844213,0
6/9/2020 22:30,4136001,iq8k7ZNt4Mwm3w0,26.33365179,25.23520531,0
6/9/2020 22:45,4136001,iq8k7ZNt4Mwm3w0,26.05942183,24.82820743,0
6/9/2020 23:00,4136001,iq8k7ZNt4Mwm3w0,25.90846959,24.62586183,0
6/9/2020 23:15,4136001,iq8k7ZNt4Mwm3w0,25.75971583,24.36431373,0
6/9/2020 23:30,4136001,iq8k7ZNt4Mwm3w0,25.67693131,24.28865624,0
6/9/2020 23:45,4136001,iq8k7ZNt4Mwm3w0,25.5602008,24.19522697,0
6/10/2020 0:00,4136001,iq8k7ZNt4Mwm3w0,25.43738793,24.20245767,0
6/10/2020 0:15,4136001,iq8k7ZNt4Mwm3w0,25.21314628,23.82803662,0
6/10/2020 0:30,4136001,iq8k7ZNt4Mwm3w0,25.12166253,23.60467327,0
6/10/2020 0:45,4136001,iq8k7ZNt4Mwm3w0,25.01525555,23.57818821,0
6/10/2020 1:00,4136001,iq8k7ZNt4Mwm3w0,24.99261047,23.7386078,0
6/10/2020 1:15,4136001,iq8k7ZNt4Mwm3w0,24.88058676,23.84842855,0
6/10/2020 1:30,4136001,iq8k7ZNt4Mwm3w0,24.76178267,23.54663393,0
6/10/2020 1:45,4136001,iq8k7ZNt4Mwm3w0,24.69729397,23.41245213,0
6/10/2020 2:00,4136001,iq8k7ZNt4Mwm3w0,24.64039017,23.51370562,0
6/10/2020 2:15,4136001,iq8k7ZNt4Mwm3w0,24.6962769,23.87686547,0
6/10/2020 2:30,4136001,iq8k7ZNt4Mwm3w0,24.722768,23.91712037,0
6/10/2020 2:45,4136001,iq8k7ZNt4Mwm3w0,24.66619559,23.74148145,0
6/10/2020 3:00,4136001,iq8k7ZNt4Mwm3w0,24.60649333,23.76429047,0
6/10/2020 3:15,4136001,iq8k7ZNt4Mwm3w0,24.51722997,23.46906086,0
6/10/2020 3:30,4136001,iq8k7ZNt4Mwm3w0,24.5019198,23.42609947,0
6/10/2020 3:45,4136001,iq8k7ZNt4Mwm3w0,24.46938972,23.3096209,0
6/10/2020 4:00,4136001,iq8k7ZNt4Mwm3w0,24.47257973,23.2219626,0
6/10/2020 4:15,4136001,iq8k7ZNt4Mwm3w0,24.40010387,23.01996863,0
6/10/2020 4:30,4136001,iq8k7ZNt4Mwm3w0,24.37903583,22.84811928,0
6/10/2020 4:45,4136001,iq8k7ZNt4Mwm3w0,24.29858617,22.6982198,0
6/10/2020 5:00,4136001,iq8k7ZNt4Mwm3w0,24.17085003,22.58803797,0
6/10/2020 5:15,4136001,iq8k7ZNt4Mwm3w0,24.1740569,22.7955882,0
6/10/2020 5:30,4136001,iq8k7ZNt4Mwm3w0,24.19332487,22.90557967,0
6/10/2020 5:45,4136001,iq8k7ZNt4Mwm3w0,24.36266369,23.17869297,0.001060324
6/10/2020 6:00,4136001,iq8k7ZNt4Mwm3w0,24.44031693,23.3795156,0.009850593
6/10/2020 6:15,4136001,iq8k7ZNt4Mwm3w0,24.48382152,23.58173872,0.019141487
6/10/2020 6:30,4136001,iq8k7ZNt4Mwm3w0,24.65489093,24.195461,0.028260202
6/10/2020 6:45,4136001,iq8k7ZNt4Mwm3w0,24.78432903,24.78258563,0.048138771
6/10/2020 7:00,4136001,iq8k7ZNt4Mwm3w0,24.97881231,25.66959866,0.067070505
6/10/2020 7:15,4136001,iq8k7ZNt4Mwm3w0,25.1080181,26.31314893,0.071566203
6/10/2020 7:30,4136001,iq8k7ZNt4Mwm3w0,25.29545738,27.09805717,0.113081792
6/10/2020 7:45,4136001,iq8k7ZNt4Mwm3w0,25.51075433,28.22206313,0.15876289
6/10/2020 8:00,4136001,iq8k7ZNt4Mwm3w0,25.9544596,30.21472467,0.236894802
6/10/2020 8:15,4136001,iq8k7ZNt4Mwm3w0,26.43464817,32.84884445,0.342662257
6/10/2020 8:30,4136001,iq8k7ZNt4Mwm3w0,27.3451212,37.55245553,0.523309134
6/10/2020 8:45,4136001,iq8k7ZNt4Mwm3w0,27.54667076,38.06824462,0.423846418
6/10/2020 9:00,4136001,iq8k7ZNt4Mwm3w0,27.7801168,36.67724297,0.351260774
6/10/2020 9:15,4136001,iq8k7ZNt4Mwm3w0,27.67942217,34.81999272,0.369213255
6/10/2020 9:30,4136001,iq8k7ZNt4Mwm3w0,28.4546753,39.858438,0.702594207
6/10/2020 9:45,4136001,iq8k7ZNt4Mwm3w0,29.13182993,43.1692473,0.713989866
6/10/2020 10:00,4136001,iq8k7ZNt4Mwm3w0,29.35636107,42.23618817,0.587612296
6/10/2020 10:15,4136001,iq8k7ZNt4Mwm3w0,29.5071959,41.63273207,0.625015352
6/10/2020 10:30,4136001,iq8k7ZNt4Mwm3w0,30.09937897,44.04637717,0.773096621
6/10/2020 10:45,4136001,iq8k7ZNt4Mwm3w0,30.54252259,46.7579619,0.816931348
6/10/2020 11:00,4136001,iq8k7ZNt4Mwm3w0,30.95782873,51.6436981,0.920785032
6/10/2020 11:15,4136001,iq8k7ZNt4Mwm3w0,31.29548653,50.5755861,0.768490734
6/10/2020 11:30,4136001,iq8k7ZNt4Mwm3w0,31.75729986,51.85563372,0.778856654
6/10/2020 11:45,4136001,iq8k7ZNt4Mwm3w0,31.9201211,48.9762857,0.72467761
6/10/2020 12:00,4136001,iq8k7ZNt4Mwm3w0,32.28009331,53.31676307,0.953999098
6/10/2020 12:15,4136001,iq8k7ZNt4Mwm3w0,32.9721527,57.7699776,0.9167926
6/10/2020 12:30,4136001,iq8k7ZNt4Mwm3w0,33.4399289,58.8296889,0.818367246
6/10/2020 12:45,4136001,iq8k7ZNt4Mwm3w0,33.30125117,53.32308253,0.707948237
6/10/2020 13:00,4136001,iq8k7ZNt4Mwm3w0,33.03921693,45.86995179,0.393805278
6/10/2020 13:15,4136001,iq8k7ZNt4Mwm3w0,33.3262257,45.95247897,0.504454842
6/10/2020 13:30,4136001,iq8k7ZNt4Mwm3w0,33.4992136,44.502122,0.522263848
6/10/2020 13:45,4136001,iq8k7ZNt4Mwm3w0,33.92500045,48.60775759,0.481641876
6/10/2020 14:00,4136001,iq8k7ZNt4Mwm3w0,33.56310123,43.02009363,0.384050226
6/10/2020 14:15,4136001,iq8k7ZNt4Mwm3w0,33.70282286,43.95374145,0.396150734
6/10/2020 14:30,4136001,iq8k7ZNt4Mwm3w0,33.9209014,43.07306107,0.334423286
6/10/2020 14:45,4136001,iq8k7ZNt4Mwm3w0,33.64006714,37.9510289,0.173895877
6/10/2020 15:00,4136001,iq8k7ZNt4Mwm3w0,31.6276276,32.3319213,0.197848304
6/10/2020 15:15,4136001,iq8k7ZNt4Mwm3w0,30.47494603,31.81913166,0.194197332
6/10/2020 15:30,4136001,iq8k7ZNt4Mwm3w0,28.844152,27.80587659,0.155752693
6/10/2020 15:45,4136001,iq8k7ZNt4Mwm3w0,28.8524355,27.61267743,0.175676499
6/10/2020 16:00,4136001,iq8k7ZNt4Mwm3w0,28.79231948,31.00201741,0.275930052
6/10/2020 16:15,4136001,iq8k7ZNt4Mwm3w0,30.2339967,35.32667527,0.293096522
6/10/2020 16:30,4136001,iq8k7ZNt4Mwm3w0,31.04575,36.9024489,0.275179574
6/10/2020 16:45,4136001,iq8k7ZNt4Mwm3w0,30.48197637,34.33522447,0.143810937
6/10/2020 17:00,4136001,iq8k7ZNt4Mwm3w0,28.87153155,30.45449728,0.059891529
6/10/2020 17:15,4136001,iq8k7ZNt4Mwm3w0,28.47411517,28.69688113,0.013844075
6/10/2020 17:30,4136001,iq8k7ZNt4Mwm3w0,28.16179045,27.14168623,0.009882228
6/10/2020 17:45,4136001,iq8k7ZNt4Mwm3w0,27.75977386,25.46460586,0.007683457
6/10/2020 18:00,4136001,iq8k7ZNt4Mwm3w0,27.59403563,25.23863213,0.005723377
6/10/2020 18:15,4136001,iq8k7ZNt4Mwm3w0,27.48483183,25.35644203,0.001075896
6/10/2020 18:30,4136001,iq8k7ZNt4Mwm3w0,27.020735,24.48984607,3.97E-06
6/10/2020 18:45,4136001,iq8k7ZNt4Mwm3w0,26.51906023,24.2318676,8.95E-06
6/10/2020 19:00,4136001,iq8k7ZNt4Mwm3w0,25.68034753,23.94050497,0
6/10/2020 19:15,4136001,iq8k7ZNt4Mwm3w0,25.4207331,23.76359931,0
6/10/2020 19:30,4136001,iq8k7ZNt4Mwm3w0,25.3429769,23.65935363,0
6/10/2020 19:45,4136001,iq8k7ZNt4Mwm3w0,25.58755897,23.50649714,0.000256782
6/10/2020 20:00,4136001,iq8k7ZNt4Mwm3w0,25.62356443,23.42538353,0.000730605
6/10/2020 20:15,4136001,iq8k7ZNt4Mwm3w0,25.66528828,24.14273072,0.000779648
6/10/2020 20:30,4136001,iq8k7ZNt4Mwm3w0,25.5780567,24.65686333,0.000554052
6/10/2020 20:45,4136001,iq8k7ZNt4Mwm3w0,25.58059673,24.73213813,0.000376191
6/10/2020 21:00,4136001,iq8k7ZNt4Mwm3w0,25.4540931,24.63598003,6.62E-06
6/10/2020 21:15,4136001,iq8k7ZNt4Mwm3w0,25.4409433,24.75674247,5.12E-05
6/10/2020 21:30,4136001,iq8k7ZNt4Mwm3w0,25.32950131,24.59076238,0
6/10/2020 21:45,4136001,iq8k7ZNt4Mwm3w0,25.28755903,24.54385473,0
6/10/2020 22:00,4136001,iq8k7ZNt4Mwm3w0,25.30177607,24.22123713,0
6/10/2020 22:15,4136001,iq8k7ZNt4Mwm3w0,25.10343041,23.57790838,0
6/10/2020 22:30,4136001,iq8k7ZNt4Mwm3w0,24.88506447,23.44702433,0
6/10/2020 22:45,4136001,iq8k7ZNt4Mwm3w0,24.87121976,23.49677583,0
6/10/2020 23:00,4136001,iq8k7ZNt4Mwm3w0,24.7963226,23.43526597,0
6/10/2020 23:15,4136001,iq8k7ZNt4Mwm3w0,24.7657957,23.433154,0
6/10/2020 23:30,4136001,iq8k7ZNt4Mwm3w0,24.62288379,23.42989772,0
6/10/2020 23:45,4136001,iq8k7ZNt4Mwm3w0,24.52480277,23.3595063,0
6/11/2020 0:00,4136001,iq8k7ZNt4Mwm3w0,24.5285519,23.39851534,0
6/11/2020 0:15,4136001,iq8k7ZNt4Mwm3w0,24.60247887,23.42233427,0
6/11/2020 0:30,4136001,iq8k7ZNt4Mwm3w0,24.65227317,23.6784311,0
6/11/2020 0:45,4136001,iq8k7ZNt4Mwm3w0,24.7447762,24.16745817,0
6/11/2020 1:00,4136001,iq8k7ZNt4Mwm3w0,24.65535383,23.66065673,0
6/11/2020 1:15,4136001,iq8k7ZNt4Mwm3w0,24.63161162,23.33763493,0
6/11/2020 1:30,4136001,iq8k7ZNt4Mwm3w0,24.66332197,23.41626397,0
6/11/2020 1:45,4136001,iq8k7ZNt4Mwm3w0,24.62800207,23.91842972,0
6/11/2020 2:00,4136001,iq8k7ZNt4Mwm3w0,24.58356217,23.80769447,0
6/11/2020 2:15,4136001,iq8k7ZNt4Mwm3w0,24.18870453,23.353352,0
6/11/2020 2:30,4136001,iq8k7ZNt4Mwm3w0,23.99366621,23.231899,0
6/11/2020 2:45,4136001,iq8k7ZNt4Mwm3w0,24.11983143,23.2196046,0.000115165
6/11/2020 3:00,4136001,iq8k7ZNt4Mwm3w0,24.1933089,23.11700666,0.000136346
6/11/2020 3:15,4136001,iq8k7ZNt4Mwm3w0,24.19133697,23.09600013,3.33E-05
6/11/2020 3:30,4136001,iq8k7ZNt4Mwm3w0,24.18491207,23.52689827,2.56E-05
6/11/2020 3:45,4136001,iq8k7ZNt4Mwm3w0,24.22853686,23.63138245,3.97E-06
6/11/2020 4:00,4136001,iq8k7ZNt4Mwm3w0,24.2041565,23.57907837,0
6/11/2020 4:15,4136001,iq8k7ZNt4Mwm3w0,24.21474617,23.66488317,0
6/11/2020 4:30,4136001,iq8k7ZNt4Mwm3w0,24.2575073,23.71587953,0
6/11/2020 4:45,4136001,iq8k7ZNt4Mwm3w0,24.25615093,23.53682738,0
6/11/2020 5:00,4136001,iq8k7ZNt4Mwm3w0,24.2076104,23.14459433,0
6/11/2020 5:15,4136001,iq8k7ZNt4Mwm3w0,24.26688569,23.23619766,0
6/11/2020 5:30,4136001,iq8k7ZNt4Mwm3w0,24.26245637,23.6340118,0
6/11/2020 5:45,4136001,iq8k7ZNt4Mwm3w0,24.22885157,23.68164567,0.000254643
6/11/2020 6:00,4136001,iq8k7ZNt4Mwm3w0,24.26536521,23.7262259,0.004263703
6/11/2020 6:15,4136001,iq8k7ZNt4Mwm3w0,24.30399277,23.94191687,0.009895099
6/11/2020 6:30,4136001,iq8k7ZNt4Mwm3w0,24.28631917,24.10950766,0.014636309
6/11/2020 6:45,4136001,iq8k7ZNt4Mwm3w0,24.22797863,23.9388551,0.02249508
6/11/2020 7:00,4136001,iq8k7ZNt4Mwm3w0,24.14798303,23.50303603,0.059005175
6/11/2020 7:15,4136001,iq8k7ZNt4Mwm3w0,24.44488327,24.80345973,0.102011109
6/11/2020 7:30,4136001,iq8k7ZNt4Mwm3w0,24.71686214,26.60819738,0.098986614
6/11/2020 7:45,4136001,iq8k7ZNt4Mwm3w0,24.6349904,25.5272257,0.066772437
6/11/2020 8:00,4136001,iq8k7ZNt4Mwm3w0,24.43905047,24.52968647,0.065190412
6/11/2020 8:15,4136001,iq8k7ZNt4Mwm3w0,24.0486031,24.30331638,0.112003295
6/11/2020 8:30,4136001,iq8k7ZNt4Mwm3w0,24.36020014,25.25822186,0.144232795
6/11/2020 8:45,4136001,iq8k7ZNt4Mwm3w0,24.8517873,28.61492507,0.238202631
6/11/2020 9:00,4136001,iq8k7ZNt4Mwm3w0,25.6061401,31.9640666,0.365431953
6/11/2020 9:15,4136001,iq8k7ZNt4Mwm3w0,26.06486455,33.4138669,0.318403779
6/11/2020 9:30,4136001,iq8k7ZNt4Mwm3w0,25.91287767,30.6614522,0.182124692
6/11/2020 9:45,4136001,iq8k7ZNt4Mwm3w0,26.01370145,30.34806662,0.225066388
6/11/2020 10:00,4136001,iq8k7ZNt4Mwm3w0,26.5930917,32.13797827,0.285839785
6/11/2020 10:15,4136001,iq8k7ZNt4Mwm3w0,27.0042249,33.28171807,0.311622432
6/11/2020 10:30,4136001,iq8k7ZNt4Mwm3w0,27.2558167,33.88129157,0.330809963
6/11/2020 10:45,4136001,iq8k7ZNt4Mwm3w0,27.62432748,35.50129755,0.371392603
6/11/2020 11:00,4136001,iq8k7ZNt4Mwm3w0,27.69868967,35.23270673,0.379471698
6/11/2020 11:15,4136001,iq8k7ZNt4Mwm3w0,27.8630768,36.30496027,0.441751761
6/11/2020 11:30,4136001,iq8k7ZNt4Mwm3w0,28.49886038,38.471322,0.462124343
6/11/2020 11:45,4136001,iq8k7ZNt4Mwm3w0,28.7643748,39.30720423,0.58392242
6/11/2020 12:00,4136001,iq8k7ZNt4Mwm3w0,29.731161,45.40481069,0.620565023
6/11/2020 12:15,4136001,iq8k7ZNt4Mwm3w0,29.42076554,42.38258482,0.388166648
6/11/2020 12:30,4136001,iq8k7ZNt4Mwm3w0,28.7703256,35.47568647,0.307133589
6/11/2020 12:45,4136001,iq8k7ZNt4Mwm3w0,29.11224041,36.74222948,0.387184816
6/11/2020 13:00,4136001,iq8k7ZNt4Mwm3w0,29.05096543,35.63409317,0.322284215
6/11/2020 13:15,4136001,iq8k7ZNt4Mwm3w0,29.48529683,36.07847552,0.306386693
6/11/2020 13:30,4136001,iq8k7ZNt4Mwm3w0,29.61887793,36.0346659,0.348406136
6/11/2020 13:45,4136001,iq8k7ZNt4Mwm3w0,29.86118172,37.16954934,0.44101981
6/11/2020 14:00,4136001,iq8k7ZNt4Mwm3w0,29.92468687,37.94542227,0.3551979
6/11/2020 14:15,4136001,iq8k7ZNt4Mwm3w0,27.71221083,34.44660266,0.332147146
6/11/2020 14:30,4136001,iq8k7ZNt4Mwm3w0,27.96685683,34.11939593,0.219927729
6/11/2020 14:45,4136001,iq8k7ZNt4Mwm3w0,28.22624038,32.64926362,0.159918341
6/11/2020 15:00,4136001,iq8k7ZNt4Mwm3w0,28.87674767,33.52219137,0.244789589
6/11/2020 15:15,4136001,iq8k7ZNt4Mwm3w0,29.08339507,35.22164614,0.361527564
6/11/2020 15:30,4136001,iq8k7ZNt4Mwm3w0,27.1182657,31.17698463,0.218271094
6/11/2020 15:45,4136001,iq8k7ZNt4Mwm3w0,26.06172972,30.17807641,0.269916487
6/11/2020 16:00,4136001,iq8k7ZNt4Mwm3w0,26.01609607,29.61326697,0.184700116
6/11/2020 16:15,4136001,iq8k7ZNt4Mwm3w0,25.88879503,28.06025541,0.110924642
6/11/2020 16:30,4136001,iq8k7ZNt4Mwm3w0,25.3636696,25.50034883,0.106418664
6/11/2020 16:45,4136001,iq8k7ZNt4Mwm3w0,25.61799917,25.56217867,0.068217775
6/11/2020 17:00,4136001,iq8k7ZNt4Mwm3w0,26.01537355,26.39908786,0.076213266
6/11/2020 17:15,4136001,iq8k7ZNt4Mwm3w0,26.45934137,27.310375,0.061114524
6/11/2020 17:30,4136001,iq8k7ZNt4Mwm3w0,26.65583221,27.50522993,0.058499524
6/11/2020 17:45,4136001,iq8k7ZNt4Mwm3w0,26.73281353,26.82401533,0.05357181
6/11/2020 18:00,4136001,iq8k7ZNt4Mwm3w0,26.72596343,26.88893447,0.046955437
6/11/2020 18:15,4136001,iq8k7ZNt4Mwm3w0,26.49930441,26.40681503,0.02290971
6/11/2020 18:30,4136001,iq8k7ZNt4Mwm3w0,26.28690993,25.8995024,0.0081508
6/11/2020 18:45,4136001,iq8k7ZNt4Mwm3w0,26.10765228,25.5848851,0.00121759
6/11/2020 19:00,4136001,iq8k7ZNt4Mwm3w0,26.0361074,25.25511667,0
6/11/2020 19:15,4136001,iq8k7ZNt4Mwm3w0,25.8624267,25.2063191,0
6/11/2020 19:30,4136001,iq8k7ZNt4Mwm3w0,24.94318041,24.60841738,0
6/11/2020 19:45,4136001,iq8k7ZNt4Mwm3w0,24.24792897,22.8602712,0
6/11/2020 20:00,4136001,iq8k7ZNt4Mwm3w0,23.92968324,22.19639334,0
6/11/2020 20:15,4136001,iq8k7ZNt4Mwm3w0,23.84047007,22.1042357,0
6/11/2020 20:30,4136001,iq8k7ZNt4Mwm3w0,23.79596452,22.03030397,0
6/11/2020 20:45,4136001,iq8k7ZNt4Mwm3w0,23.400524,21.92654333,0
6/11/2020 21:00,4136001,iq8k7ZNt4Mwm3w0,23.18491033,21.80571903,0
6/11/2020 21:15,4136001,iq8k7ZNt4Mwm3w0,23.13710334,21.75369079,0
6/11/2020 21:30,4136001,iq8k7ZNt4Mwm3w0,23.2143099,21.7712443,0
6/11/2020 21:45,4136001,iq8k7ZNt4Mwm3w0,23.09133259,21.701135,0
6/11/2020 22:00,4136001,iq8k7ZNt4Mwm3w0,23.10643917,21.6895355,0
6/11/2020 22:15,4136001,iq8k7ZNt4Mwm3w0,23.10835477,21.67610067,0
6/11/2020 22:30,4136001,iq8k7ZNt4Mwm3w0,23.16798614,21.72244669,0
6/11/2020 22:45,4136001,iq8k7ZNt4Mwm3w0,23.0900807,21.66218773,0
6/11/2020 23:00,4136001,iq8k7ZNt4Mwm3w0,23.0771108,21.6228332,0
6/11/2020 23:15,4136001,iq8k7ZNt4Mwm3w0,23.06249359,21.66888645,0
6/11/2020 23:30,4136001,iq8k7ZNt4Mwm3w0,22.9983439,21.65067433,0
6/11/2020 23:45,4136001,iq8k7ZNt4Mwm3w0,23.00536055,21.64281697,0
6/12/2020 0:00,4136001,iq8k7ZNt4Mwm3w0,23.09633377,21.81936953,0
6/12/2020 0:15,4136001,iq8k7ZNt4Mwm3w0,23.07342593,21.86810731,0
6/12/2020 0:30,4136001,iq8k7ZNt4Mwm3w0,23.19841843,21.92128413,0
6/12/2020 0:45,4136001,iq8k7ZNt4Mwm3w0,23.25918803,21.7901601,0
6/12/2020 1:00,4136001,iq8k7ZNt4Mwm3w0,23.26828003,22.15688262,0
6/12/2020 1:15,4136001,iq8k7ZNt4Mwm3w0,23.03963933,22.2565656,0
6/12/2020 1:30,4136001,iq8k7ZNt4Mwm3w0,22.93840914,22.34052045,0
6/12/2020 1:45,4136001,iq8k7ZNt4Mwm3w0,22.8403045,22.31108317,0
6/12/2020 2:00,4136001,iq8k7ZNt4Mwm3w0,22.75244333,22.36223953,0
6/12/2020 2:15,4136001,iq8k7ZNt4Mwm3w0,22.652374,22.1853029,0
6/12/2020 2:30,4136001,iq8k7ZNt4Mwm3w0,22.61098737,22.14618743,0
6/12/2020 2:45,4136001,iq8k7ZNt4Mwm3w0,22.55793462,21.90000345,0
6/12/2020 3:00,4136001,iq8k7ZNt4Mwm3w0,22.6381885,21.8888906,0
6/12/2020 3:15,4136001,iq8k7ZNt4Mwm3w0,22.8364796,22.47486883,7.68E-06
6/12/2020 3:30,4136001,iq8k7ZNt4Mwm3w0,22.87054007,22.63272624,0
6/12/2020 3:45,4136001,iq8k7ZNt4Mwm3w0,22.97101427,22.69941613,0
6/12/2020 4:00,4136001,iq8k7ZNt4Mwm3w0,23.07939076,22.81360197,0
6/12/2020 4:15,4136001,iq8k7ZNt4Mwm3w0,23.2051393,22.95454597,0
6/12/2020 4:30,4136001,iq8k7ZNt4Mwm3w0,23.22876783,23.02070903,0
6/12/2020 4:45,4136001,iq8k7ZNt4Mwm3w0,23.17944486,23.01223328,0
6/12/2020 5:00,4136001,iq8k7ZNt4Mwm3w0,23.2061069,22.8791188,0
6/12/2020 5:15,4136001,iq8k7ZNt4Mwm3w0,23.23781186,22.7133389,0
6/12/2020 5:30,4136001,iq8k7ZNt4Mwm3w0,23.21335063,22.55468443,1.28E-06
6/12/2020 5:45,4136001,iq8k7ZNt4Mwm3w0,23.30844123,22.930192,0.000729406
6/12/2020 6:00,4136001,iq8k7ZNt4Mwm3w0,23.32624131,23.07743145,0.00420565
6/12/2020 6:15,4136001,iq8k7ZNt4Mwm3w0,23.3625876,23.24646293,0.014498437
6/12/2020 6:30,4136001,iq8k7ZNt4Mwm3w0,23.47001828,23.604529,0.033492755
6/12/2020 6:45,4136001,iq8k7ZNt4Mwm3w0,23.64130253,24.35048413,0.067162749
6/12/2020 7:00,4136001,iq8k7ZNt4Mwm3w0,23.84684933,25.18963617,0.090384347
6/12/2020 7:15,4136001,iq8k7ZNt4Mwm3w0,24.09748597,26.13577155,0.116479756
6/12/2020 7:30,4136001,iq8k7ZNt4Mwm3w0,24.3609651,27.16758313,0.13726898
6/12/2020 7:45,4136001,iq8k7ZNt4Mwm3w0,24.55453066,27.70591572,0.175869817
6/12/2020 8:00,4136001,iq8k7ZNt4Mwm3w0,24.89767447,28.73435063,0.160096339
6/12/2020 8:15,4136001,iq8k7ZNt4Mwm3w0,25.01737921,28.64656645,0.157886595
6/12/2020 8:30,4136001,iq8k7ZNt4Mwm3w0,25.1758362,29.60053813,0.199060674
6/12/2020 8:45,4136001,iq8k7ZNt4Mwm3w0,25.023628,28.13070259,0.114252416
6/12/2020 9:00,4136001,iq8k7ZNt4Mwm3w0,25.58673097,30.66033143,0.302462571
6/12/2020 9:15,4136001,iq8k7ZNt4Mwm3w0,25.9005231,31.52512817,0.239933517
6/12/2020 9:30,4136001,iq8k7ZNt4Mwm3w0,26.35951931,34.32021776,0.41195832
6/12/2020 9:45,4136001,iq8k7ZNt4Mwm3w0,26.72021383,34.9373119,0.295431772
6/12/2020 10:00,4136001,iq8k7ZNt4Mwm3w0,26.48955672,32.30903152,0.230087928
6/12/2020 10:15,4136001,iq8k7ZNt4Mwm3w0,26.2019552,30.3946726,0.160934984
6/12/2020 10:30,4136001,iq8k7ZNt4Mwm3w0,26.23958183,29.84086338,0.154460995
6/12/2020 10:45,4136001,iq8k7ZNt4Mwm3w0,26.21223547,29.82067163,0.195402573
6/12/2020 11:00,4136001,iq8k7ZNt4Mwm3w0,26.93907845,33.20476459,0.37309397
6/12/2020 11:15,4136001,iq8k7ZNt4Mwm3w0,27.9784577,38.8029132,0.525933913
6/12/2020 11:30,4136001,iq8k7ZNt4Mwm3w0,26.55285862,35.6567151,0.469638122
6/12/2020 11:45,4136001,iq8k7ZNt4Mwm3w0,24.5112182,29.3274028,0.36761354
6/12/2020 12:00,4136001,iq8k7ZNt4Mwm3w0,23.42806066,27.38041531,0.394801815
6/12/2020 12:15,4136001,iq8k7ZNt4Mwm3w0,23.30078733,26.9148752,0.382371699
6/12/2020 12:30,4136001,iq8k7ZNt4Mwm3w0,24.71515,31.10258552,0.382435703
6/12/2020 12:45,4136001,iq8k7ZNt4Mwm3w0,25.75993747,35.28520217,0.517196741
6/12/2020 13:00,4136001,iq8k7ZNt4Mwm3w0,26.2566009,39.8784078,0.491242727
6/12/2020 13:15,4136001,iq8k7ZNt4Mwm3w0,25.59403093,34.25254041,0.436703297
6/12/2020 13:30,4136001,iq8k7ZNt4Mwm3w0,26.23368937,37.80731617,0.537373153
6/12/2020 13:45,4136001,iq8k7ZNt4Mwm3w0,26.18573414,35.57115862,0.365365453
6/12/2020 14:00,4136001,iq8k7ZNt4Mwm3w0,26.5335296,35.9721252,0.486878826
6/12/2020 14:15,4136001,iq8k7ZNt4Mwm3w0,27.01887772,37.32093028,0.418315837
6/12/2020 14:30,4136001,iq8k7ZNt4Mwm3w0,26.86715287,34.35756967,0.325917801
6/12/2020 14:45,4136001,iq8k7ZNt4Mwm3w0,26.67574443,33.7304332,0.329804623
6/12/2020 15:00,4136001,iq8k7ZNt4Mwm3w0,26.96615486,35.40600148,0.438983576
6/12/2020 15:15,4136001,iq8k7ZNt4Mwm3w0,27.36894433,36.35862943,0.392834125
6/12/2020 15:30,4136001,iq8k7ZNt4Mwm3w0,27.94132428,37.08138176,0.42733382
6/12/2020 15:45,4136001,iq8k7ZNt4Mwm3w0,27.89696147,35.5313305,0.342504913
6/12/2020 16:00,4136001,iq8k7ZNt4Mwm3w0,27.96140266,34.75383045,0.288937635
6/12/2020 16:15,4136001,iq8k7ZNt4Mwm3w0,27.8158599,32.43573523,0.157751329
6/12/2020 16:30,4136001,iq8k7ZNt4Mwm3w0,27.54728377,30.63709817,0.156704899
6/12/2020 16:45,4136001,iq8k7ZNt4Mwm3w0,27.76650455,31.49694607,0.185021294
6/12/2020 17:00,4136001,iq8k7ZNt4Mwm3w0,27.7146523,31.38214117,0.165160775
6/12/2020 17:15,4136001,iq8k7ZNt4Mwm3w0,27.65320755,31.374698,0.16742448
6/12/2020 17:30,4136001,iq8k7ZNt4Mwm3w0,27.43312287,30.22540277,0.115052357
6/12/2020 17:45,4136001,iq8k7ZNt4Mwm3w0,27.06354493,28.67809434,0.068543806
6/12/2020 18:00,4136001,iq8k7ZNt4Mwm3w0,26.4373973,27.4619964,0.045707781
6/12/2020 18:15,4136001,iq8k7ZNt4Mwm3w0,25.75769143,26.8622061,0.060774846
6/12/2020 18:30,4136001,iq8k7ZNt4Mwm3w0,25.4309239,25.73465283,0.021270481
6/12/2020 18:45,4136001,iq8k7ZNt4Mwm3w0,24.82610973,24.3313711,0.002202878
6/12/2020 19:00,4136001,iq8k7ZNt4Mwm3w0,24.49466052,23.72833676,0
6/12/2020 19:15,4136001,iq8k7ZNt4Mwm3w0,24.27633373,23.25794077,0
6/12/2020 19:30,4136001,iq8k7ZNt4Mwm3w0,24.13616517,23.00415869,0
6/12/2020 19:45,4136001,iq8k7ZNt4Mwm3w0,23.96840117,22.7500885,0
6/12/2020 20:00,4136001,iq8k7ZNt4Mwm3w0,23.79291786,22.5278889,0
6/12/2020 20:15,4136001,iq8k7ZNt4Mwm3w0,23.74951343,22.50059907,0
6/12/2020 20:30,4136001,iq8k7ZNt4Mwm3w0,23.81657297,22.51007393,0
6/12/2020 20:45,4136001,iq8k7ZNt4Mwm3w0,23.961166,22.79937524,0
6/12/2020 21:00,4136001,iq8k7ZNt4Mwm3w0,23.15426733,22.47528993,0
6/12/2020 21:15,4136001,iq8k7ZNt4Mwm3w0,22.7653669,21.94788028,0
6/12/2020 21:30,4136001,iq8k7ZNt4Mwm3w0,23.17677313,21.9652741,0
6/12/2020 21:45,4136001,iq8k7ZNt4Mwm3w0,23.24279876,22.31194666,0
6/12/2020 22:00,4136001,iq8k7ZNt4Mwm3w0,23.19935533,22.18268647,0
6/12/2020 22:15,4136001,iq8k7ZNt4Mwm3w0,23.13412407,22.07130059,0
6/12/2020 22:30,4136001,iq8k7ZNt4Mwm3w0,23.13144277,22.12236647,0
6/12/2020 22:45,4136001,iq8k7ZNt4Mwm3w0,23.006417,22.19146738,0
6/12/2020 23:00,4136001,iq8k7ZNt4Mwm3w0,22.8288644,22.17601517,0
6/12/2020 23:15,4136001,iq8k7ZNt4Mwm3w0,22.80835263,22.15289217,0
6/12/2020 23:30,4136001,iq8k7ZNt4Mwm3w0,22.98652076,22.44202828,0
6/12/2020 23:45,4136001,iq8k7ZNt4Mwm3w0,23.09923027,22.757666,0
6/13/2020 0:00,4136001,iq8k7ZNt4Mwm3w0,23.18442979,22.94378455,0
6/13/2020 0:15,4136001,iq8k7ZNt4Mwm3w0,23.15021623,22.90656133,0
6/13/2020 0:30,4136001,iq8k7ZNt4Mwm3w0,23.11269223,22.75697757,0
6/13/2020 0:45,4136001,iq8k7ZNt4Mwm3w0,23.0823741,22.74549497,0
6/13/2020 1:00,4136001,iq8k7ZNt4Mwm3w0,23.0060151,22.40501097,0
6/13/2020 1:15,4136001,iq8k7ZNt4Mwm3w0,22.89084048,22.01397821,0
6/13/2020 1:30,4136001,iq8k7ZNt4Mwm3w0,22.8207133,21.9308392,0
6/13/2020 1:45,4136001,iq8k7ZNt4Mwm3w0,22.72088707,21.77449183,0
6/13/2020 2:00,4136001,iq8k7ZNt4Mwm3w0,22.5558715,21.47388817,0
6/13/2020 2:15,4136001,iq8k7ZNt4Mwm3w0,22.47949527,21.19729507,0
6/13/2020 2:30,4136001,iq8k7ZNt4Mwm3w0,22.36144059,21.013108,0
6/13/2020 2:45,4136001,iq8k7ZNt4Mwm3w0,22.19928707,20.87596914,0
6/13/2020 3:00,4136001,iq8k7ZNt4Mwm3w0,22.24543943,21.0944417,0
6/13/2020 3:15,4136001,iq8k7ZNt4Mwm3w0,22.36969821,21.38235148,0
6/13/2020 3:30,4136001,iq8k7ZNt4Mwm3w0,22.4259338,21.50950313,0
6/13/2020 3:45,4136001,iq8k7ZNt4Mwm3w0,22.4856395,21.632194,0
6/13/2020 4:00,4136001,iq8k7ZNt4Mwm3w0,22.45048134,21.66662707,0
6/13/2020 4:15,4136001,iq8k7ZNt4Mwm3w0,22.44443163,21.60771493,0
6/13/2020 4:30,4136001,iq8k7ZNt4Mwm3w0,22.41131893,21.86795362,0
6/13/2020 4:45,4136001,iq8k7ZNt4Mwm3w0,22.3611438,21.83209443,0
6/13/2020 5:00,4136001,iq8k7ZNt4Mwm3w0,22.5235881,22.24075031,0
6/13/2020 5:15,4136001,iq8k7ZNt4Mwm3w0,22.46764417,22.26655203,0
6/13/2020 5:30,4136001,iq8k7ZNt4Mwm3w0,22.4155183,21.99701747,0
6/13/2020 5:45,4136001,iq8k7ZNt4Mwm3w0,22.57172052,22.0912571,0.000495105
6/13/2020 6:00,4136001,iq8k7ZNt4Mwm3w0,22.76630743,22.51000267,0.004778335
6/13/2020 6:15,4136001,iq8k7ZNt4Mwm3w0,22.787001,22.63122783,0.029493116
6/13/2020 6:30,4136001,iq8k7ZNt4Mwm3w0,22.93755487,23.22559517,0.052224774
6/13/2020 6:45,4136001,iq8k7ZNt4Mwm3w0,23.2553291,24.1083321,0.081722191
6/13/2020 7:00,4136001,iq8k7ZNt4Mwm3w0,23.70257367,25.6049021,0.145391882
6/13/2020 7:15,4136001,iq8k7ZNt4Mwm3w0,23.963179,26.80650693,0.13000596
6/13/2020 7:30,4136001,iq8k7ZNt4Mwm3w0,24.23665273,28.46931553,0.253675025
6/13/2020 7:45,4136001,iq8k7ZNt4Mwm3w0,24.56308514,29.4978891,0.206714564
6/13/2020 8:00,4136001,iq8k7ZNt4Mwm3w0,24.8466969,30.34787493,0.262118679
6/13/2020 8:15,4136001,iq8k7ZNt4Mwm3w0,25.2793741,32.2735037,0.310395725
6/13/2020 8:30,4136001,iq8k7ZNt4Mwm3w0,25.41420231,32.08445383,0.242644914
6/13/2020 8:45,4136001,iq8k7ZNt4Mwm3w0,25.86150303,34.15063573,0.397700346
6/13/2020 9:00,4136001,iq8k7ZNt4Mwm3w0,26.33435162,36.22019166,0.446831266
6/13/2020 9:15,4136001,iq8k7ZNt4Mwm3w0,26.02128307,34.39281413,0.242574512
6/13/2020 9:30,4136001,iq8k7ZNt4Mwm3w0,26.22057579,34.61468486,0.434190369
6/13/2020 9:45,4136001,iq8k7ZNt4Mwm3w0,27.2044362,40.3800657,0.607118252
6/13/2020 10:00,4136001,iq8k7ZNt4Mwm3w0,28.23462128,47.18160383,0.613295516
6/13/2020 10:15,4136001,iq8k7ZNt4Mwm3w0,27.54168187,38.50989373,0.414516307
6/13/2020 10:30,4136001,iq8k7ZNt4Mwm3w0,28.80116948,47.45520072,0.794065614
6/13/2020 10:45,4136001,iq8k7ZNt4Mwm3w0,28.72146607,45.33758843,0.503414697
6/13/2020 11:00,4136001,iq8k7ZNt4Mwm3w0,28.38692724,43.36369134,0.739425888
6/13/2020 11:15,4136001,iq8k7ZNt4Mwm3w0,29.51178283,45.45544433,0.675035445
6/13/2020 11:30,4136001,iq8k7ZNt4Mwm3w0,29.63400793,42.70479703,0.587239164
6/13/2020 11:45,4136001,iq8k7ZNt4Mwm3w0,30.13187857,43.11532823,0.630030059
6/13/2020 12:00,4136001,iq8k7ZNt4Mwm3w0,31.01107903,46.75919628,0.728176624
6/13/2020 12:15,4136001,iq8k7ZNt4Mwm3w0,31.3466552,48.53815513,0.902030198
6/13/2020 12:30,4136001,iq8k7ZNt4Mwm3w0,31.87895359,51.00864597,0.927123663
6/13/2020 12:45,4136001,iq8k7ZNt4Mwm3w0,31.8059285,48.2618513,0.608622656
6/13/2020 13:00,4136001,iq8k7ZNt4Mwm3w0,31.57231821,45.87381921,0.785617604
6/13/2020 13:15,4136001,iq8k7ZNt4Mwm3w0,31.76270343,46.6904521,0.657198669
6/13/2020 13:30,4136001,iq8k7ZNt4Mwm3w0,31.91020252,47.15517959,0.751417646
6/13/2020 13:45,4136001,iq8k7ZNt4Mwm3w0,30.5955841,39.9424855,0.29103049
6/13/2020 14:00,4136001,iq8k7ZNt4Mwm3w0,29.45546667,38.4217205,0.623499284
6/13/2020 14:15,4136001,iq8k7ZNt4Mwm3w0,29.42355241,37.70632934,0.43658024
6/13/2020 14:30,4136001,iq8k7ZNt4Mwm3w0,30.29002973,44.31017857,0.793397842
6/13/2020 14:45,4136001,iq8k7ZNt4Mwm3w0,30.83672779,43.49422372,0.388631978
6/13/2020 15:00,4136001,iq8k7ZNt4Mwm3w0,30.51683953,39.930492,0.432733519
6/13/2020 15:15,4136001,iq8k7ZNt4Mwm3w0,30.91260062,40.98772145,0.506387659
6/13/2020 15:30,4136001,iq8k7ZNt4Mwm3w0,31.01340953,42.52768257,0.495978923
6/13/2020 15:45,4136001,iq8k7ZNt4Mwm3w0,30.76378669,39.48935248,0.453588847
6/13/2020 16:00,4136001,iq8k7ZNt4Mwm3w0,30.64300637,38.75130497,0.283769957
6/13/2020 16:15,4136001,iq8k7ZNt4Mwm3w0,30.49733766,36.9047189,0.381003567
6/13/2020 16:30,4136001,iq8k7ZNt4Mwm3w0,30.52377417,36.9320934,0.270706887
6/13/2020 16:45,4136001,iq8k7ZNt4Mwm3w0,30.17897857,34.8094543,0.291971957
6/13/2020 17:00,4136001,iq8k7ZNt4Mwm3w0,30.02002483,35.64223807,0.304937943
6/13/2020 17:15,4136001,iq8k7ZNt4Mwm3w0,29.355659,33.71415097,0.189831607
6/13/2020 17:30,4136001,iq8k7ZNt4Mwm3w0,28.72207645,31.33327931,0.135833509
6/13/2020 17:45,4136001,iq8k7ZNt4Mwm3w0,28.22930817,29.8575644,0.090316409
6/13/2020 18:00,4136001,iq8k7ZNt4Mwm3w0,28.09258297,29.48600731,0.084615942
6/13/2020 18:15,4136001,iq8k7ZNt4Mwm3w0,27.56023967,28.0127574,0.048259814
6/13/2020 18:30,4136001,iq8k7ZNt4Mwm3w0,26.9502089,26.74410693,0.019606976
6/13/2020 18:45,4136001,iq8k7ZNt4Mwm3w0,26.38305143,25.73480007,0.002205432
6/13/2020 19:00,4136001,iq8k7ZNt4Mwm3w0,26.10227072,25.3462229,0
6/13/2020 19:15,4136001,iq8k7ZNt4Mwm3w0,25.9680014,25.22874343,0
6/13/2020 19:30,4136001,iq8k7ZNt4Mwm3w0,25.766978,24.8300049,0
6/13/2020 19:45,4136001,iq8k7ZNt4Mwm3w0,25.68910776,24.81120572,0
6/13/2020 20:00,4136001,iq8k7ZNt4Mwm3w0,25.72844533,25.2848774,0
6/13/2020 20:15,4136001,iq8k7ZNt4Mwm3w0,24.96402286,24.19147476,0
6/13/2020 20:30,4136001,iq8k7ZNt4Mwm3w0,24.1302543,23.39665127,0
6/13/2020 20:45,4136001,iq8k7ZNt4Mwm3w0,24.40861923,22.98713567,0
6/13/2020 21:00,4136001,iq8k7ZNt4Mwm3w0,24.62806438,22.85595717,0
6/13/2020 21:15,4136001,iq8k7ZNt4Mwm3w0,24.76979153,23.19620367,0
6/13/2020 21:30,4136001,iq8k7ZNt4Mwm3w0,24.74270597,23.63401638,0
6/13/2020 21:45,4136001,iq8k7ZNt4Mwm3w0,24.63341883,23.54427587,0
6/13/2020 22:00,4136001,iq8k7ZNt4Mwm3w0,24.70278303,23.61048797,0
6/13/2020 22:15,4136001,iq8k7ZNt4Mwm3w0,24.61666659,23.65589328,0
6/13/2020 22:30,4136001,iq8k7ZNt4Mwm3w0,24.5029664,23.41285413,0
6/13/2020 22:45,4136001,iq8k7ZNt4Mwm3w0,24.39340748,23.19431817,0
6/13/2020 23:00,4136001,iq8k7ZNt4Mwm3w0,24.2540863,22.89869883,0
6/13/2020 23:15,4136001,iq8k7ZNt4Mwm3w0,24.0774854,22.55591317,0
6/13/2020 23:30,4136001,iq8k7ZNt4Mwm3w0,23.96624231,22.41555252,0
6/13/2020 23:45,4136001,iq8k7ZNt4Mwm3w0,23.83409097,22.16977757,0
6/14/2020 0:00,4136001,iq8k7ZNt4Mwm3w0,23.77572593,22.11771369,0
6/14/2020 0:15,4136001,iq8k7ZNt4Mwm3w0,23.7299946,22.24156313,0
6/14/2020 0:30,4136001,iq8k7ZNt4Mwm3w0,23.6519716,22.2784547,0
6/14/2020 0:45,4136001,iq8k7ZNt4Mwm3w0,23.77284197,22.82352848,7.81E-05
6/14/2020 1:00,4136001,iq8k7ZNt4Mwm3w0,24.1066073,23.5477671,0.000106209
6/14/2020 1:15,4136001,iq8k7ZNt4Mwm3w0,24.1213769,23.53657383,0
6/14/2020 1:30,4136001,iq8k7ZNt4Mwm3w0,24.11643897,23.0164214,0
6/14/2020 1:45,4136001,iq8k7ZNt4Mwm3w0,24.41260277,23.53372203,0
6/14/2020 2:00,4136001,iq8k7ZNt4Mwm3w0,24.50337486,23.66702586,0
6/14/2020 2:15,4136001,iq8k7ZNt4Mwm3w0,24.20817987,23.21623127,0
6/14/2020 2:30,4136001,iq8k7ZNt4Mwm3w0,24.03689703,22.98759834,0
6/14/2020 2:45,4136001,iq8k7ZNt4Mwm3w0,23.97870283,22.8038574,0
6/14/2020 3:00,4136001,iq8k7ZNt4Mwm3w0,24.19536831,23.62546093,1.32E-06
6/14/2020 3:15,4136001,iq8k7ZNt4Mwm3w0,24.0475444,23.16164357,0
6/14/2020 3:30,4136001,iq8k7ZNt4Mwm3w0,23.95364077,23.00297837,0
6/14/2020 3:45,4136001,iq8k7ZNt4Mwm3w0,23.96775131,22.83365614,0
6/14/2020 4:00,4136001,iq8k7ZNt4Mwm3w0,24.02683333,22.79297497,0
6/14/2020 4:15,4136001,iq8k7ZNt4Mwm3w0,24.11833255,23.16707638,0
6/14/2020 4:30,4136001,iq8k7ZNt4Mwm3w0,24.16124597,23.494035,0
6/14/2020 4:45,4136001,iq8k7ZNt4Mwm3w0,24.01504743,23.30908413,0
6/14/2020 5:00,4136001,iq8k7ZNt4Mwm3w0,23.96164786,23.44398983,0
6/14/2020 5:15,4136001,iq8k7ZNt4Mwm3w0,23.917826,23.4093771,0
6/14/2020 5:30,4136001,iq8k7ZNt4Mwm3w0,24.09543166,23.63225903,0
6/14/2020 5:45,4136001,iq8k7ZNt4Mwm3w0,24.12870177,23.486613,0.000963531
6/14/2020 6:00,4136001,iq8k7ZNt4Mwm3w0,24.22294986,23.77290607,0.012720857
6/14/2020 6:15,4136001,iq8k7ZNt4Mwm3w0,24.34908463,24.02652383,0.034461786
6/14/2020 6:30,4136001,iq8k7ZNt4Mwm3w0,24.57034931,24.79671503,0.06797935
6/14/2020 6:45,4136001,iq8k7ZNt4Mwm3w0,24.90107707,26.4780029,0.112463135
6/14/2020 7:00,4136001,iq8k7ZNt4Mwm3w0,25.54066828,28.22495559,0.176026399
6/14/2020 7:15,4136001,iq8k7ZNt4Mwm3w0,25.92073267,30.01071867,0.230661987
6/14/2020 7:30,4136001,iq8k7ZNt4Mwm3w0,26.40009283,32.38829741,0.293342842
6/14/2020 7:45,4136001,iq8k7ZNt4Mwm3w0,26.507665,32.67076117,0.374707374
6/14/2020 8:00,4136001,iq8k7ZNt4Mwm3w0,27.24609372,35.33057176,0.320689029
6/14/2020 8:15,4136001,iq8k7ZNt4Mwm3w0,26.84341117,32.8223712,0.252571925
6/14/2020 8:30,4136001,iq8k7ZNt4Mwm3w0,27.329228,34.377896,0.406732064
6/14/2020 8:45,4136001,iq8k7ZNt4Mwm3w0,27.56819257,35.298639,0.336815903
6/14/2020 9:00,4136001,iq8k7ZNt4Mwm3w0,28.24413976,39.94139131,0.612118582
6/14/2020 9:15,4136001,iq8k7ZNt4Mwm3w0,28.44392503,39.15535707,0.464049278
6/14/2020 9:30,4136001,iq8k7ZNt4Mwm3w0,28.62426117,39.78399541,0.437681084
6/14/2020 9:45,4136001,iq8k7ZNt4Mwm3w0,28.73416953,38.275773,0.394088809
6/14/2020 10:00,4136001,iq8k7ZNt4Mwm3w0,28.86396534,38.06350293,0.468616111
6/14/2020 10:15,4136001,iq8k7ZNt4Mwm3w0,30.01420587,44.89655873,0.764358487
6/14/2020 10:30,4136001,iq8k7ZNt4Mwm3w0,30.63661986,48.25690845,0.847347626
6/14/2020 10:45,4136001,iq8k7ZNt4Mwm3w0,30.43290503,43.14604707,0.532303212
6/14/2020 11:00,4136001,iq8k7ZNt4Mwm3w0,31.12760348,47.85183614,0.772022035
6/14/2020 11:15,4136001,iq8k7ZNt4Mwm3w0,31.79656173,50.9212615,0.782660194
6/14/2020 11:30,4136001,iq8k7ZNt4Mwm3w0,31.37812434,47.14193507,0.754396708
6/14/2020 11:45,4136001,iq8k7ZNt4Mwm3w0,31.61084707,46.60220338,0.533222043
6/14/2020 12:00,4136001,iq8k7ZNt4Mwm3w0,30.9920359,42.58682973,0.585576265
6/14/2020 12:15,4136001,iq8k7ZNt4Mwm3w0,32.03907857,49.3654072,0.878776616
6/14/2020 12:30,4136001,iq8k7ZNt4Mwm3w0,31.55893686,48.93490414,0.921355583
6/14/2020 12:45,4136001,iq8k7ZNt4Mwm3w0,32.10389507,52.8011057,0.884950378
6/14/2020 13:00,4136001,iq8k7ZNt4Mwm3w0,32.30668179,52.98578934,0.9029522
6/14/2020 13:15,4136001,iq8k7ZNt4Mwm3w0,32.7061106,52.17447213,0.887381499
6/14/2020 13:30,4136001,iq8k7ZNt4Mwm3w0,32.63739824,50.71291169,0.82563541
6/14/2020 13:45,4136001,iq8k7ZNt4Mwm3w0,32.6482504,50.36221213,0.757183638
6/14/2020 14:00,4136001,iq8k7ZNt4Mwm3w0,32.95608731,48.68971824,0.757020191
6/14/2020 14:15,4136001,iq8k7ZNt4Mwm3w0,32.49408363,44.67058417,0.453138228
6/14/2020 14:30,4136001,iq8k7ZNt4Mwm3w0,31.49951486,38.70719641,0.34507041
6/14/2020 14:45,4136001,iq8k7ZNt4Mwm3w0,32.33495163,44.2403981,0.656067454
6/14/2020 15:00,4136001,iq8k7ZNt4Mwm3w0,31.69261531,42.72748517,0.369363217
6/14/2020 15:15,4136001,iq8k7ZNt4Mwm3w0,30.19678857,35.68807997,0.184322921
6/14/2020 15:30,4136001,iq8k7ZNt4Mwm3w0,30.6599531,35.3061029,0.430418863
6/14/2020 15:45,4136001,iq8k7ZNt4Mwm3w0,31.98941653,43.63690883,0.530514045
6/14/2020 16:00,4136001,iq8k7ZNt4Mwm3w0,31.39423986,39.10474593,0.327270164
6/14/2020 16:15,4136001,iq8k7ZNt4Mwm3w0,30.74876807,36.0713806,0.206717805
6/14/2020 16:30,4136001,iq8k7ZNt4Mwm3w0,30.88903914,36.30051193,0.313829711
6/14/2020 16:45,4136001,iq8k7ZNt4Mwm3w0,29.7916158,35.12056893,0.175359081
6/14/2020 17:00,4136001,iq8k7ZNt4Mwm3w0,27.71768493,31.93408717,0.172524204
6/14/2020 17:15,4136001,iq8k7ZNt4Mwm3w0,26.89951514,30.41965662,0.143600785
6/14/2020 17:30,4136001,iq8k7ZNt4Mwm3w0,26.52370917,29.40315043,0.108721403
6/14/2020 17:45,4136001,iq8k7ZNt4Mwm3w0,26.32929734,28.67747452,0.104819439
6/14/2020 18:00,4136001,iq8k7ZNt4Mwm3w0,26.29677637,28.153064,0.068690711
6/14/2020 18:15,4136001,iq8k7ZNt4Mwm3w0,26.17405641,27.16848428,0.040750379
6/14/2020 18:30,4136001,iq8k7ZNt4Mwm3w0,26.23597697,26.38716647,0.016795311
6/14/2020 18:45,4136001,iq8k7ZNt4Mwm3w0,26.37077714,26.32448631,0.001638326
6/14/2020 19:00,4136001,iq8k7ZNt4Mwm3w0,26.39150407,26.25866303,0
6/14/2020 19:15,4136001,iq8k7ZNt4Mwm3w0,26.31856662,25.850328,0
6/14/2020 19:30,4136001,iq8k7ZNt4Mwm3w0,26.1524962,25.51716817,0
6/14/2020 19:45,4136001,iq8k7ZNt4Mwm3w0,26.05676077,25.32443433,0
6/14/2020 20:00,4136001,iq8k7ZNt4Mwm3w0,26.08618083,25.71985486,0
6/14/2020 20:15,4136001,iq8k7ZNt4Mwm3w0,26.05780247,25.8777026,0
6/14/2020 20:30,4136001,iq8k7ZNt4Mwm3w0,25.53856066,25.54089252,0
6/14/2020 20:45,4136001,iq8k7ZNt4Mwm3w0,24.68133743,24.35836183,0
6/14/2020 21:00,4136001,iq8k7ZNt4Mwm3w0,24.35666331,23.7604329,0
6/14/2020 21:15,4136001,iq8k7ZNt4Mwm3w0,24.30556033,23.6487916,0
6/14/2020 21:30,4136001,iq8k7ZNt4Mwm3w0,24.49261069,23.47576607,0
6/14/2020 21:45,4136001,iq8k7ZNt4Mwm3w0,24.1292797,22.79287313,0
6/14/2020 22:00,4136001,iq8k7ZNt4Mwm3w0,24.05143143,22.55852977,0
6/14/2020 22:15,4136001,iq8k7ZNt4Mwm3w0,24.15655283,22.76215021,0
6/14/2020 22:30,4136001,iq8k7ZNt4Mwm3w0,24.13806057,22.8585556,0
6/14/2020 22:45,4136001,iq8k7ZNt4Mwm3w0,24.18565738,22.92295259,0
6/14/2020 23:00,4136001,iq8k7ZNt4Mwm3w0,24.41254177,23.35613617,0
6/14/2020 23:15,4136001,iq8k7ZNt4Mwm3w0,24.65291537,23.91376343,0
6/14/2020 23:30,4136001,iq8k7ZNt4Mwm3w0,24.70239134,24.18513028,0
6/14/2020 23:45,4136001,iq8k7ZNt4Mwm3w0,24.5347565,23.92197063,0
6/15/2020 0:00,4136001,iq8k7ZNt4Mwm3w0,24.48687631,23.84625141,0
6/15/2020 0:15,4136001,iq8k7ZNt4Mwm3w0,24.50937833,23.90285123,0
6/15/2020 0:30,4136001,iq8k7ZNt4Mwm3w0,24.60533824,24.17273686,0
6/15/2020 0:45,4136001,iq8k7ZNt4Mwm3w0,24.67979137,24.45914197,0
6/15/2020 1:00,4136001,iq8k7ZNt4Mwm3w0,24.6363729,24.38041877,0
6/15/2020 1:15,4136001,iq8k7ZNt4Mwm3w0,24.55738348,24.40343403,0
6/15/2020 1:30,4136001,iq8k7ZNt4Mwm3w0,24.53773917,24.40371613,0
6/15/2020 1:45,4136001,iq8k7ZNt4Mwm3w0,24.49356614,24.3221991,0
6/15/2020 2:00,4136001,iq8k7ZNt4Mwm3w0,24.57614153,24.3312215,0
6/15/2020 2:15,4136001,iq8k7ZNt4Mwm3w0,24.5805764,24.44190177,0
6/15/2020 2:30,4136001,iq8k7ZNt4Mwm3w0,24.5970701,24.42946341,0
6/15/2020 2:45,4136001,iq8k7ZNt4Mwm3w0,24.22866923,23.93627113,0
6/15/2020 3:00,4136001,iq8k7ZNt4Mwm3w0,24.00026534,23.42331769,0
6/15/2020 3:15,4136001,iq8k7ZNt4Mwm3w0,24.1572967,23.33054927,0
6/15/2020 3:30,4136001,iq8k7ZNt4Mwm3w0,24.21406863,23.34937657,0
6/15/2020 3:45,4136001,iq8k7ZNt4Mwm3w0,24.4062459,23.0891449,0
6/15/2020 4:00,4136001,iq8k7ZNt4Mwm3w0,24.41399037,23.15779627,0
6/15/2020 4:15,4136001,iq8k7ZNt4Mwm3w0,24.4324309,23.66372366,0
6/15/2020 4:30,4136001,iq8k7ZNt4Mwm3w0,24.46265573,23.8611501,0
6/15/2020 4:45,4136001,iq8k7ZNt4Mwm3w0,24.4522167,23.85016797,0
6/15/2020 5:00,4136001,iq8k7ZNt4Mwm3w0,24.49716172,23.95881503,3.97E-06
6/15/2020 5:15,4136001,iq8k7ZNt4Mwm3w0,24.4542309,23.66191717,0
6/15/2020 5:30,4136001,iq8k7ZNt4Mwm3w0,24.5548391,23.82317897,0
6/15/2020 5:45,4136001,iq8k7ZNt4Mwm3w0,24.39663607,23.91243907,0.000546381
6/15/2020 6:00,4136001,iq8k7ZNt4Mwm3w0,24.37287866,23.75093876,0.010401672
6/15/2020 6:15,4136001,iq8k7ZNt4Mwm3w0,24.39614873,24.13533733,0.024327586
6/15/2020 6:30,4136001,iq8k7ZNt4Mwm3w0,24.60452483,25.12929993,0.06184077
6/15/2020 6:45,4136001,iq8k7ZNt4Mwm3w0,24.86190979,26.39437969,0.086677689
6/15/2020 7:00,4136001,iq8k7ZNt4Mwm3w0,25.04357403,27.2910268,0.15277955
6/15/2020 7:15,4136001,iq8k7ZNt4Mwm3w0,25.55876934,29.27611993,0.178785939
6/15/2020 7:30,4136001,iq8k7ZNt4Mwm3w0,25.9372386,29.3118408,0.16240019
6/15/2020 7:45,4136001,iq8k7ZNt4Mwm3w0,26.61436097,31.78032931,0.336786214
6/15/2020 8:00,4136001,iq8k7ZNt4Mwm3w0,27.25152483,34.61137348,0.384458683
6/15/2020 8:15,4136001,iq8k7ZNt4Mwm3w0,27.62372743,36.12337347,0.448927629
6/15/2020 8:30,4136001,iq8k7ZNt4Mwm3w0,28.46172576,39.34674931,0.560917076
6/15/2020 8:45,4136001,iq8k7ZNt4Mwm3w0,29.14302253,41.53631577,0.617058457
6/15/2020 9:00,4136001,iq8k7ZNt4Mwm3w0,29.21664117,41.27112031,0.527046997
6/15/2020 9:15,4136001,iq8k7ZNt4Mwm3w0,29.33822023,41.0227587,0.604674793
6/15/2020 9:30,4136001,iq8k7ZNt4Mwm3w0,29.22754007,39.03180976,0.343562372
6/15/2020 9:45,4136001,iq8k7ZNt4Mwm3w0,28.86406143,37.6525612,0.582421615
6/15/2020 10:00,4136001,iq8k7ZNt4Mwm3w0,29.99069534,45.51195369,0.829677028
6/15/2020 10:15,4136001,iq8k7ZNt4Mwm3w0,30.60324923,47.43976413,0.766244865
6/15/2020 10:30,4136001,iq8k7ZNt4Mwm3w0,30.50293286,44.89497759,0.644291098
6/15/2020 10:45,4136001,iq8k7ZNt4Mwm3w0,30.40556343,40.946115,0.412726353
6/15/2020 11:00,4136001,iq8k7ZNt4Mwm3w0,30.27213783,39.19910076,0.383508766
6/15/2020 11:15,4136001,iq8k7ZNt4Mwm3w0,30.40659287,40.68653757,0.663463731
6/15/2020 11:30,4136001,iq8k7ZNt4Mwm3w0,31.06111407,45.46679383,0.574528772
6/15/2020 11:45,4136001,iq8k7ZNt4Mwm3w0,29.3317616,37.99803143,0.379187229
6/15/2020 12:00,4136001,iq8k7ZNt4Mwm3w0,29.90018862,38.87392776,0.574808822
6/15/2020 12:15,4136001,iq8k7ZNt4Mwm3w0,31.54353017,48.45850033,0.820264076
6/15/2020 12:30,4136001,iq8k7ZNt4Mwm3w0,31.61373383,46.63091741,0.553322213
6/15/2020 12:45,4136001,iq8k7ZNt4Mwm3w0,30.80987453,40.93950687,0.383334039
6/15/2020 13:00,4136001,iq8k7ZNt4Mwm3w0,31.10702083,41.34869369,0.425116773
6/15/2020 13:15,4136001,iq8k7ZNt4Mwm3w0,28.89086103,33.85295617,0.120412903
6/15/2020 13:30,4136001,iq8k7ZNt4Mwm3w0,26.23989766,28.74930028,0.238523343
6/15/2020 13:45,4136001,iq8k7ZNt4Mwm3w0,27.20779523,33.41558113,0.392679033
6/15/2020 14:00,4136001,iq8k7ZNt4Mwm3w0,28.53820807,41.65116597,0.704287275
6/15/2020 14:15,4136001,iq8k7ZNt4Mwm3w0,29.08548497,40.65664348,0.345276267
6/15/2020 14:30,4136001,iq8k7ZNt4Mwm3w0,28.05032753,32.30449727,0.413640262
6/15/2020 14:45,4136001,iq8k7ZNt4Mwm3w0,28.73891152,35.47533945,0.361479234
6/15/2020 15:00,4136001,iq8k7ZNt4Mwm3w0,28.61833907,35.30898513,0.298264133
6/15/2020 15:15,4136001,iq8k7ZNt4Mwm3w0,27.74422262,31.96759134,0.419906761
6/15/2020 15:30,4136001,iq8k7ZNt4Mwm3w0,28.9528178,36.16430877,0.340420977
6/15/2020 15:45,4136001,iq8k7ZNt4Mwm3w0,28.22543441,32.09903055,0.122339881
6/15/2020 16:00,4136001,iq8k7ZNt4Mwm3w0,26.919395,29.03463957,0.195051521
6/15/2020 16:15,4136001,iq8k7ZNt4Mwm3w0,27.72664462,32.24504879,0.254169477
6/15/2020 16:30,4136001,iq8k7ZNt4Mwm3w0,27.96693423,32.90297053,0.246139151
6/15/2020 16:45,4136001,iq8k7ZNt4Mwm3w0,28.24675455,33.94315638,0.266191517
6/15/2020 17:00,4136001,iq8k7ZNt4Mwm3w0,28.1521964,32.68684883,0.163826239
6/15/2020 17:15,4136001,iq8k7ZNt4Mwm3w0,27.328246,29.5560629,0.061401491
6/15/2020 17:30,4136001,iq8k7ZNt4Mwm3w0,26.5507874,28.62801937,0.104607066
6/15/2020 17:45,4136001,iq8k7ZNt4Mwm3w0,26.566401,28.61441469,0.085378218
6/15/2020 18:00,4136001,iq8k7ZNt4Mwm3w0,26.52256586,27.9893021,0.063784872
6/15/2020 18:15,4136001,iq8k7ZNt4Mwm3w0,26.36055269,27.03561393,0.043242276
6/15/2020 18:30,4136001,iq8k7ZNt4Mwm3w0,26.2162729,26.2780466,0.023538253
6/15/2020 18:45,4136001,iq8k7ZNt4Mwm3w0,26.025801,25.68115441,0.00637465
6/15/2020 19:00,4136001,iq8k7ZNt4Mwm3w0,25.97779737,25.4262787,2.05E-05
6/15/2020 19:15,4136001,iq8k7ZNt4Mwm3w0,25.69472347,25.1349934,0
6/15/2020 19:30,4136001,iq8k7ZNt4Mwm3w0,25.57116469,24.75364941,0
6/15/2020 19:45,4136001,iq8k7ZNt4Mwm3w0,25.54436513,24.44701743,0
6/15/2020 20:00,4136001,iq8k7ZNt4Mwm3w0,25.42304193,24.23315952,0
6/15/2020 20:15,4136001,iq8k7ZNt4Mwm3w0,25.38093237,24.37551273,0
6/15/2020 20:30,4136001,iq8k7ZNt4Mwm3w0,25.353494,24.39252427,0
6/15/2020 20:45,4136001,iq8k7ZNt4Mwm3w0,25.23838641,24.30066559,0
6/15/2020 21:00,4136001,iq8k7ZNt4Mwm3w0,25.02231337,23.9145406,0
6/15/2020 21:15,4136001,iq8k7ZNt4Mwm3w0,24.86242031,23.73207245,0
6/15/2020 21:30,4136001,iq8k7ZNt4Mwm3w0,24.78279923,23.7751811,0
6/15/2020 21:45,4136001,iq8k7ZNt4Mwm3w0,24.82402821,23.95638938,0
6/15/2020 22:00,4136001,iq8k7ZNt4Mwm3w0,24.74029433,23.90401903,0
6/15/2020 22:15,4136001,iq8k7ZNt4Mwm3w0,24.60149133,23.88575027,0
6/15/2020 22:30,4136001,iq8k7ZNt4Mwm3w0,24.58470114,24.06934224,0
6/15/2020 22:45,4136001,iq8k7ZNt4Mwm3w0,24.6104572,24.2267232,0
6/15/2020 23:00,4136001,iq8k7ZNt4Mwm3w0,24.6238769,24.2997331,0
6/15/2020 23:15,4136001,iq8k7ZNt4Mwm3w0,24.4788879,24.096638,0
6/15/2020 23:30,4136001,iq8k7ZNt4Mwm3w0,24.12724413,23.3043773,0
6/15/2020 23:45,4136001,iq8k7ZNt4Mwm3w0,24.21627197,22.99775007,0
6/16/2020 0:00,4136001,iq8k7ZNt4Mwm3w0,24.23280247,23.00721947,0
6/16/2020 0:15,4136001,iq8k7ZNt4Mwm3w0,24.26790645,23.38954534,0
6/16/2020 0:30,4136001,iq8k7ZNt4Mwm3w0,24.17409167,23.47511907,0
6/16/2020 0:45,4136001,iq8k7ZNt4Mwm3w0,24.00077893,22.97504717,0
6/16/2020 1:00,4136001,iq8k7ZNt4Mwm3w0,23.92812167,22.84316717,0
6/16/2020 1:15,4136001,iq8k7ZNt4Mwm3w0,23.88256217,22.92287263,0
6/16/2020 1:30,4136001,iq8k7ZNt4Mwm3w0,23.93120276,23.15796428,0
6/16/2020 1:45,4136001,iq8k7ZNt4Mwm3w0,24.0918224,23.36724973,0
6/16/2020 2:00,4136001,iq8k7ZNt4Mwm3w0,24.08730034,23.05347945,0
6/16/2020 2:15,4136001,iq8k7ZNt4Mwm3w0,23.95560303,23.07524007,0
6/16/2020 2:30,4136001,iq8k7ZNt4Mwm3w0,23.93550603,23.11107677,0
6/16/2020 2:45,4136001,iq8k7ZNt4Mwm3w0,24.02117934,23.40091059,0
6/16/2020 3:00,4136001,iq8k7ZNt4Mwm3w0,23.7031547,23.2302114,0
6/16/2020 3:15,4136001,iq8k7ZNt4Mwm3w0,24.00039052,23.13305152,0
6/16/2020 3:30,4136001,iq8k7ZNt4Mwm3w0,24.0750521,22.90254403,0
6/16/2020 3:45,4136001,iq8k7ZNt4Mwm3w0,24.04603131,22.70867193,0
6/16/2020 4:00,4136001,iq8k7ZNt4Mwm3w0,24.0400963,22.55592033,0
6/16/2020 4:15,4136001,iq8k7ZNt4Mwm3w0,24.00280469,22.56424272,0
6/16/2020 4:30,4136001,iq8k7ZNt4Mwm3w0,24.00717797,22.7844391,0
6/16/2020 4:45,4136001,iq8k7ZNt4Mwm3w0,24.00570907,22.99325467,0
6/16/2020 5:00,4136001,iq8k7ZNt4Mwm3w0,24.05566962,23.29911659,0
6/16/2020 5:15,4136001,iq8k7ZNt4Mwm3w0,24.04550403,23.1849335,0
6/16/2020 5:30,4136001,iq8k7ZNt4Mwm3w0,24.07248476,22.98191476,0
6/16/2020 5:45,4136001,iq8k7ZNt4Mwm3w0,24.026342,22.9824371,0.00030966
6/16/2020 6:00,4136001,iq8k7ZNt4Mwm3w0,24.03126917,23.13576431,0.007878696
6/16/2020 6:15,4136001,iq8k7ZNt4Mwm3w0,24.22642417,23.72798767,0.027271721
6/16/2020 6:30,4136001,iq8k7ZNt4Mwm3w0,24.45349545,24.64480066,0.050842255
6/16/2020 6:45,4136001,iq8k7ZNt4Mwm3w0,24.65240663,25.55196727,0.08098842
6/16/2020 7:00,4136001,iq8k7ZNt4Mwm3w0,24.9378722,26.58794157,0.114294916
6/16/2020 7:15,4136001,iq8k7ZNt4Mwm3w0,25.15143886,27.42292617,0.137224215
6/16/2020 7:30,4136001,iq8k7ZNt4Mwm3w0,25.37138457,28.49546413,0.174115972
6/16/2020 7:45,4136001,iq8k7ZNt4Mwm3w0,25.65055572,29.34472852,0.19994481
6/16/2020 8:00,4136001,iq8k7ZNt4Mwm3w0,25.99828293,30.62721457,0.245954975
6/16/2020 8:15,4136001,iq8k7ZNt4Mwm3w0,26.51300062,32.46179948,0.299344995
6/16/2020 8:30,4136001,iq8k7ZNt4Mwm3w0,26.84512623,33.79019557,0.333468868
6/16/2020 8:45,4136001,iq8k7ZNt4Mwm3w0,26.95466434,33.82962683,0.334957477
6/16/2020 9:00,4136001,iq8k7ZNt4Mwm3w0,27.07185514,34.19709859,0.354171411
6/16/2020 9:15,4136001,iq8k7ZNt4Mwm3w0,26.75686333,32.45236833,0.275874822
6/16/2020 9:30,4136001,iq8k7ZNt4Mwm3w0,27.18115962,34.36980245,0.372149754
6/16/2020 9:45,4136001,iq8k7ZNt4Mwm3w0,27.4878663,35.95871057,0.424120609
6/16/2020 10:00,4136001,iq8k7ZNt4Mwm3w0,27.86508814,36.85586645,0.450133213
6/16/2020 10:15,4136001,iq8k7ZNt4Mwm3w0,28.31539103,39.08229977,0.522223592
6/16/2020 10:30,4136001,iq8k7ZNt4Mwm3w0,28.50779148,39.28612324,0.453904003
6/16/2020 10:45,4136001,iq8k7ZNt4Mwm3w0,28.6638458,39.3069314,0.473544263
6/16/2020 11:00,4136001,iq8k7ZNt4Mwm3w0,28.42880676,37.97691079,0.435014328
6/16/2020 11:15,4136001,iq8k7ZNt4Mwm3w0,28.54354553,38.4572754,0.493047462
6/16/2020 11:30,4136001,iq8k7ZNt4Mwm3w0,29.6714951,44.91627348,0.768459416
6/16/2020 11:45,4136001,iq8k7ZNt4Mwm3w0,29.99492097,46.36462913,0.614951047
6/16/2020 12:00,4136001,iq8k7ZNt4Mwm3w0,29.50476093,42.10252848,0.520605425
6/16/2020 12:15,4136001,iq8k7ZNt4Mwm3w0,28.9934031,39.03961593,0.358513896
6/16/2020 12:30,4136001,iq8k7ZNt4Mwm3w0,28.96235703,38.16141907,0.502214343
6/16/2020 12:45,4136001,iq8k7ZNt4Mwm3w0,29.78446047,41.9514525,0.549075636
6/16/2020 13:00,4136001,iq8k7ZNt4Mwm3w0,29.94090328,41.30325328,0.573148958
6/16/2020 13:15,4136001,iq8k7ZNt4Mwm3w0,30.24400237,42.8880818,0.566545541
6/16/2020 13:30,4136001,iq8k7ZNt4Mwm3w0,29.72090517,39.29537724,0.340737775
6/16/2020 13:45,4136001,iq8k7ZNt4Mwm3w0,29.20824569,37.28502383,0.407790492
6/16/2020 14:00,4136001,iq8k7ZNt4Mwm3w0,29.7260761,39.76349807,0.45033162
6/16/2020 14:15,4136001,iq8k7ZNt4Mwm3w0,30.42987363,40.6800565,0.492802766
6/16/2020 14:30,4136001,iq8k7ZNt4Mwm3w0,30.83351286,44.37650714,0.56294446
6/16/2020 14:45,4136001,iq8k7ZNt4Mwm3w0,30.50340955,41.55000024,0.447017676
6/16/2020 15:00,4136001,iq8k7ZNt4Mwm3w0,30.0298187,38.34786577,0.353915335
6/16/2020 15:15,4136001,iq8k7ZNt4Mwm3w0,29.81993893,37.09769824,0.36249774
6/16/2020 15:30,4136001,iq8k7ZNt4Mwm3w0,29.93420393,38.35378169,0.409411722
6/16/2020 15:45,4136001,iq8k7ZNt4Mwm3w0,30.16888423,37.83953137,0.331452877
6/16/2020 16:00,4136001,iq8k7ZNt4Mwm3w0,29.61759166,34.59173679,0.174242152
6/16/2020 16:15,4136001,iq8k7ZNt4Mwm3w0,29.74619147,34.7819457,0.244607281
6/16/2020 16:30,4136001,iq8k7ZNt4Mwm3w0,29.37326359,33.49005321,0.139086488
6/16/2020 16:45,4136001,iq8k7ZNt4Mwm3w0,29.00287167,31.51306253,0.117212741
6/16/2020 17:00,4136001,iq8k7ZNt4Mwm3w0,28.91297538,31.26802545,0.085298812
6/16/2020 17:15,4136001,iq8k7ZNt4Mwm3w0,28.43125003,29.47821053,0.033318141
6/16/2020 17:30,4136001,iq8k7ZNt4Mwm3w0,28.31801114,29.48377717,0.067999788
6/16/2020 17:45,4136001,iq8k7ZNt4Mwm3w0,28.16063327,29.38294267,0.05539037
6/16/2020 18:00,4136001,iq8k7ZNt4Mwm3w0,27.80393186,28.58285941,0.027035024
6/16/2020 18:15,4136001,iq8k7ZNt4Mwm3w0,27.56502383,27.72907003,0.017012784
6/16/2020 18:30,4136001,iq8k7ZNt4Mwm3w0,27.35852893,27.19424117,0.009608953
6/16/2020 18:45,4136001,iq8k7ZNt4Mwm3w0,27.16739083,26.85737979,0.001869915
6/16/2020 19:00,4136001,iq8k7ZNt4Mwm3w0,26.27286777,26.15560703,0
6/16/2020 19:15,4136001,iq8k7ZNt4Mwm3w0,26.03171417,25.64670428,0
6/16/2020 19:30,4136001,iq8k7ZNt4Mwm3w0,25.9472687,25.67136833,0
6/16/2020 19:45,4136001,iq8k7ZNt4Mwm3w0,25.38315317,25.14863683,0
6/16/2020 20:00,4136001,iq8k7ZNt4Mwm3w0,25.05436545,24.7513049,0
6/16/2020 20:15,4136001,iq8k7ZNt4Mwm3w0,24.9061888,24.5387288,0
6/16/2020 20:30,4136001,iq8k7ZNt4Mwm3w0,24.60179076,24.29950266,0
6/16/2020 20:45,4136001,iq8k7ZNt4Mwm3w0,24.54720793,24.2202108,0
6/16/2020 21:00,4136001,iq8k7ZNt4Mwm3w0,24.53266645,24.43909203,0
6/16/2020 21:15,4136001,iq8k7ZNt4Mwm3w0,24.66087333,24.54687797,0
6/16/2020 21:30,4136001,iq8k7ZNt4Mwm3w0,24.71581072,24.41328069,0
6/16/2020 21:45,4136001,iq8k7ZNt4Mwm3w0,24.529312,24.17937003,0
6/16/2020 22:00,4136001,iq8k7ZNt4Mwm3w0,24.22657483,24.1939911,0
6/16/2020 22:15,4136001,iq8k7ZNt4Mwm3w0,24.01348062,23.69034566,0
6/16/2020 22:30,4136001,iq8k7ZNt4Mwm3w0,23.9964591,23.8077301,0
6/16/2020 22:45,4136001,iq8k7ZNt4Mwm3w0,23.62943041,23.11803038,0
6/16/2020 23:00,4136001,iq8k7ZNt4Mwm3w0,23.70705683,22.79511417,0
6/16/2020 23:15,4136001,iq8k7ZNt4Mwm3w0,23.73833479,22.68643403,0
6/16/2020 23:30,4136001,iq8k7ZNt4Mwm3w0,23.85089086,22.79828709,0
6/16/2020 23:45,4136001,iq8k7ZNt4Mwm3w0,24.03841659,23.19606179,3.71E-05
6/17/2020 0:00,4136001,iq8k7ZNt4Mwm3w0,24.1493894,23.85316263,2.43E-05
6/17/2020 0:15,4136001,iq8k7ZNt4Mwm3w0,24.14073748,23.96733345,0
6/17/2020 0:30,4136001,iq8k7ZNt4Mwm3w0,24.0548566,23.8616436,0
6/17/2020 0:45,4136001,iq8k7ZNt4Mwm3w0,24.00738024,23.76092114,0
6/17/2020 1:00,4136001,iq8k7ZNt4Mwm3w0,23.982121,23.71447867,0
6/17/2020 1:15,4136001,iq8k7ZNt4Mwm3w0,24.055678,23.78518359,0
6/17/2020 1:30,4136001,iq8k7ZNt4Mwm3w0,24.11391813,23.75105177,0
6/17/2020 1:45,4136001,iq8k7ZNt4Mwm3w0,24.11729597,23.70319555,0
6/17/2020 2:00,4136001,iq8k7ZNt4Mwm3w0,24.04943267,23.61170357,0
6/17/2020 2:15,4136001,iq8k7ZNt4Mwm3w0,24.00737917,23.67943514,0
6/17/2020 2:30,4136001,iq8k7ZNt4Mwm3w0,24.04356513,23.62761323,0
6/17/2020 2:45,4136001,iq8k7ZNt4Mwm3w0,24.14890123,23.6136373,0
6/17/2020 3:00,4136001,iq8k7ZNt4Mwm3w0,24.04028852,23.44145145,0
6/17/2020 3:15,4136001,iq8k7ZNt4Mwm3w0,22.96370943,22.60650937,0
6/17/2020 3:30,4136001,iq8k7ZNt4Mwm3w0,22.60268614,22.24742314,0
6/17/2020 3:45,4136001,iq8k7ZNt4Mwm3w0,22.7471992,22.30583913,0
6/17/2020 4:00,4136001,iq8k7ZNt4Mwm3w0,22.8073485,22.3772238,0
6/17/2020 4:15,4136001,iq8k7ZNt4Mwm3w0,22.94831472,22.22376028,0
6/17/2020 4:30,4136001,iq8k7ZNt4Mwm3w0,22.97148633,22.07892463,8.19E-05
6/17/2020 4:45,4136001,iq8k7ZNt4Mwm3w0,22.75740386,21.96383366,0
6/17/2020 5:00,4136001,iq8k7ZNt4Mwm3w0,22.7138253,21.9248749,0
6/17/2020 5:15,4136001,iq8k7ZNt4Mwm3w0,22.699171,21.97272155,0
6/17/2020 5:30,4136001,iq8k7ZNt4Mwm3w0,22.6257516,22.01064357,0
6/17/2020 5:45,4136001,iq8k7ZNt4Mwm3w0,22.5515857,21.9083763,0.000194511
6/17/2020 6:00,4136001,iq8k7ZNt4Mwm3w0,22.57712952,21.96580041,0.003897291
6/17/2020 6:15,4136001,iq8k7ZNt4Mwm3w0,22.6252512,22.16598313,0.017387045
6/17/2020 6:30,4136001,iq8k7ZNt4Mwm3w0,22.74754266,22.55778455,0.036559651
6/17/2020 6:45,4136001,iq8k7ZNt4Mwm3w0,22.9437256,22.73424377,0.038236918
6/17/2020 7:00,4136001,iq8k7ZNt4Mwm3w0,23.04807345,22.76436859,0.041192985
6/17/2020 7:15,4136001,iq8k7ZNt4Mwm3w0,23.17767677,23.2251791,0.048359209
6/17/2020 7:30,4136001,iq8k7ZNt4Mwm3w0,23.35680838,23.94828859,0.063456815
6/17/2020 7:45,4136001,iq8k7ZNt4Mwm3w0,23.55903403,24.32750547,0.081638289
6/17/2020 8:00,4136001,iq8k7ZNt4Mwm3w0,23.68637617,24.56949586,0.114560829
6/17/2020 8:15,4136001,iq8k7ZNt4Mwm3w0,23.9276849,25.61720531,0.117114516
6/17/2020 8:30,4136001,iq8k7ZNt4Mwm3w0,23.90951213,25.18560987,0.132250391
6/17/2020 8:45,4136001,iq8k7ZNt4Mwm3w0,24.10457441,25.48009507,0.170192888
6/17/2020 9:00,4136001,iq8k7ZNt4Mwm3w0,23.98164477,24.9001047,0.118319855
6/17/2020 9:15,4136001,iq8k7ZNt4Mwm3w0,24.04044548,24.9502101,0.120616978
6/17/2020 9:30,4136001,iq8k7ZNt4Mwm3w0,24.28143617,25.8621012,0.220836565
6/17/2020 9:45,4136001,iq8k7ZNt4Mwm3w0,24.9283111,28.39536686,0.374502827
6/17/2020 10:00,4136001,iq8k7ZNt4Mwm3w0,25.64393407,31.38530387,0.356321724
6/17/2020 10:15,4136001,iq8k7ZNt4Mwm3w0,26.05368447,32.5536926,0.299062996
6/17/2020 10:30,4136001,iq8k7ZNt4Mwm3w0,26.16922928,32.28513621,0.288015658
6/17/2020 10:45,4136001,iq8k7ZNt4Mwm3w0,26.07958677,31.06191613,0.309599092
6/17/2020 11:00,4136001,iq8k7ZNt4Mwm3w0,26.18534579,31.18622979,0.314584466
6/17/2020 11:15,4136001,iq8k7ZNt4Mwm3w0,26.31244397,31.6446106,0.210778202
6/17/2020 11:30,4136001,iq8k7ZNt4Mwm3w0,26.71439228,33.68988655,0.401902426
6/17/2020 11:45,4136001,iq8k7ZNt4Mwm3w0,27.66473687,38.98331387,0.495488935
6/17/2020 12:00,4136001,iq8k7ZNt4Mwm3w0,27.60099303,37.10277907,0.340371547
6/17/2020 12:15,4136001,iq8k7ZNt4Mwm3w0,27.8761057,37.31998807,0.520320473
6/17/2020 12:30,4136001,iq8k7ZNt4Mwm3w0,28.20409741,37.50208562,0.470896384
6/17/2020 12:45,4136001,iq8k7ZNt4Mwm3w0,28.53430487,38.70709237,0.513659532
6/17/2020 13:00,4136001,iq8k7ZNt4Mwm3w0,28.73062769,39.98701945,0.510965997
6/17/2020 13:15,4136001,iq8k7ZNt4Mwm3w0,28.46972357,37.28617047,0.451581596
6/17/2020 13:30,4136001,iq8k7ZNt4Mwm3w0,27.9458671,32.80133383,0.42764342
6/17/2020 13:45,4136001,iq8k7ZNt4Mwm3w0,28.73119813,40.46031017,0.578941315
6/17/2020 14:00,4136001,iq8k7ZNt4Mwm3w0,29.04423583,42.32625593,0.480736164
6/17/2020 14:15,4136001,iq8k7ZNt4Mwm3w0,28.60925593,37.97944833,0.393014464
6/17/2020 14:30,4136001,iq8k7ZNt4Mwm3w0,27.34909679,29.94526521,0.309693078
6/17/2020 14:45,4136001,iq8k7ZNt4Mwm3w0,26.84236043,28.24684537,0.327364323
6/17/2020 15:00,4136001,iq8k7ZNt4Mwm3w0,27.22757479,29.34751728,0.363448681
6/17/2020 15:15,4136001,iq8k7ZNt4Mwm3w0,27.93043103,33.7283683,0.384300759
6/17/2020 15:30,4136001,iq8k7ZNt4Mwm3w0,27.70017441,32.38600528,0.237018329
6/17/2020 15:45,4136001,iq8k7ZNt4Mwm3w0,27.5812032,31.60148527,0.21363942
6/17/2020 16:00,4136001,iq8k7ZNt4Mwm3w0,27.63258607,32.10411976,0.196610023
6/17/2020 16:15,4136001,iq8k7ZNt4Mwm3w0,27.64837737,31.85970353,0.191721946
6/17/2020 16:30,4136001,iq8k7ZNt4Mwm3w0,27.62449917,31.73461814,0.181765813
6/17/2020 16:45,4136001,iq8k7ZNt4Mwm3w0,27.45880557,30.69353547,0.119390312
6/17/2020 17:00,4136001,iq8k7ZNt4Mwm3w0,26.498535,27.3130768,0.031953231
6/17/2020 17:15,4136001,iq8k7ZNt4Mwm3w0,25.77944107,25.30390969,0.085885256
6/17/2020 17:30,4136001,iq8k7ZNt4Mwm3w0,26.14305523,27.15584082,0.08949363
6/17/2020 17:45,4136001,iq8k7ZNt4Mwm3w0,26.09166417,27.23565669,0.065479586
6/17/2020 18:00,4136001,iq8k7ZNt4Mwm3w0,25.6866037,26.5404744,0.041514128
6/17/2020 18:15,4136001,iq8k7ZNt4Mwm3w0,25.23544314,25.65623,0.022149941
6/17/2020 18:30,4136001,iq8k7ZNt4Mwm3w0,24.58247177,24.7865254,0.013393188
6/17/2020 18:45,4136001,iq8k7ZNt4Mwm3w0,23.96592334,23.28397562,0.002635005
6/17/2020 19:00,4136001,iq8k7ZNt4Mwm3w0,23.54795169,22.59979141,0
6/17/2020 19:15,4136001,iq8k7ZNt4Mwm3w0,23.4725741,22.46495577,0
6/17/2020 19:30,4136001,iq8k7ZNt4Mwm3w0,23.49732753,22.43809833,0
6/17/2020 19:45,4136001,iq8k7ZNt4Mwm3w0,23.60274541,22.41876624,0
6/17/2020 20:00,4136001,iq8k7ZNt4Mwm3w0,23.6651278,22.36771947,0
6/17/2020 20:15,4136001,iq8k7ZNt4Mwm3w0,23.60120897,22.24594341,0
6/17/2020 20:30,4136001,iq8k7ZNt4Mwm3w0,23.68754707,22.3776551,0
6/17/2020 20:45,4136001,iq8k7ZNt4Mwm3w0,23.75045548,22.82529531,0
6/17/2020 21:00,4136001,iq8k7ZNt4Mwm3w0,23.75244113,23.18726707,0
6/17/2020 21:15,4136001,iq8k7ZNt4Mwm3w0,23.8116108,23.4716604,0
6/17/2020 21:30,4136001,iq8k7ZNt4Mwm3w0,23.89925186,23.72964597,0
6/17/2020 21:45,4136001,iq8k7ZNt4Mwm3w0,23.88305357,23.68958143,0
6/17/2020 22:00,4136001,iq8k7ZNt4Mwm3w0,23.76768003,23.39140703,0
6/17/2020 22:15,4136001,iq8k7ZNt4Mwm3w0,23.656357,23.12314753,0
6/17/2020 22:30,4136001,iq8k7ZNt4Mwm3w0,23.6281078,23.02921033,0
6/17/2020 22:45,4136001,iq8k7ZNt4Mwm3w0,23.511703,22.85620117,0
6/17/2020 23:00,4136001,iq8k7ZNt4Mwm3w0,23.48228243,22.74419047,0
6/17/2020 23:15,4136001,iq8k7ZNt4Mwm3w0,23.35474259,22.49224531,0
6/17/2020 23:30,4136001,iq8k7ZNt4Mwm3w0,23.29104823,22.37390857,0
6/17/2020 23:45,4136001,iq8k7ZNt4Mwm3w0,23.20287069,22.53590766,0
